path_id,time_step,time,price,pnl,portfolio_value,final_pnl,max_drawdown,sharpe_ratio
0,0,0.0,100.0,[-91.66386719],[9908.33613281],[-65.60995449],[-93.65717533],
0,1,0.02,97.2191390991211,[-90.01131043],[9909.98868957],[-65.60995449],[-93.65717533],
0,2,0.04,93.27588653564453,[-92.29370374],[9907.70629626],[-65.60995449],[-93.65717533],
0,3,0.06,92.13674926757812,[-92.85509085],[9907.14490915],[-65.60995449],[-93.65717533],
0,4,0.08,96.1050033569336,[-91.0103234],[9908.9896766],[-65.60995449],[-93.65717533],
0,5,0.1,97.16781616210938,[-90.42652913],[9909.57347087],[-65.60995449],[-93.65717533],
0,6,0.12,96.12809753417969,[-91.01852034],[9908.98147966],[-65.60995449],[-93.65717533],
0,7,0.14,99.45829772949219,[-89.20408851],[9910.79591149],[-65.60995449],[-93.65717533],
0,8,0.16,99.0101318359375,[-89.47911699],[9910.52088301],[-65.60995449],[-93.65717533],
0,9,0.18,101.0806884765625,[-87.14978536],[9912.85021464],[-65.60995449],[-93.65717533],
0,10,0.2,100.78578186035156,[-87.63539308],[9912.36460692],[-65.60995449],[-93.65717533],
0,11,0.22,99.84362030029297,[-89.02756318],[9910.97243682],[-65.60995449],[-93.65717533],
0,12,0.24,104.70267486572266,[-81.33213513],[9918.66786487],[-65.60995449],[-93.65717533],
0,13,0.26,102.9590835571289,[-84.31925218],[9915.68074782],[-65.60995449],[-93.65717533],
0,14,0.28,110.62615203857422,[-71.44537524],[9928.55462476],[-65.60995449],[-93.65717533],
0,15,0.3,109.0179672241211,[-74.35980811],[9925.64019189],[-65.60995449],[-93.65717533],
0,16,0.32,106.85946655273438,[-78.2212244],[9921.7787756],[-65.60995449],[-93.65717533],
0,17,0.34,104.91621398925781,[-81.62818533],[9918.37181467],[-65.60995449],[-93.65717533],
0,18,0.36,103.759765625,[-83.61359406],[9916.38640594],[-65.60995449],[-93.65717533],
0,19,0.38,101.99122619628906,[-86.6076129],[9913.3923871],[-65.60995449],[-93.65717533],
0,20,0.4,101.78504943847656,[-86.94898243],[9913.05101757],[-65.60995449],[-93.65717533],
0,21,0.42,101.07553100585938,[-88.12133046],[9911.87866954],[-65.60995449],[-93.65717533],
0,22,0.44,96.82887268066406,[-91.86919216],[9908.13080784],[-65.60995449],[-93.65717533],
0,23,0.46,93.36273956298828,[-93.65717533],[9906.34282467],[-65.60995449],[-93.65717533],
0,24,0.48,95.89199829101562,[-92.60949808],[9907.39050192],[-65.60995449],[-93.65717533],
0,25,0.5,93.90950775146484,[-93.5644414],[9906.4355586],[-65.60995449],[-93.65717533],
0,26,0.52,94.41889953613281,[-93.34949176],[9906.65050824],[-65.60995449],[-93.65717533],
0,27,0.54,95.63749694824219,[-92.83925428],[9907.16074572],[-65.60995449],[-93.65717533],
0,28,0.56,99.91053771972656,[-90.87096493],[9909.12903507],[-65.60995449],[-93.65717533],
0,29,0.58,102.35659790039062,[-87.0802422],[9912.9197578],[-65.60995449],[-93.65717533],
0,30,0.6,101.77140045166016,[-88.04864802],[9911.95135198],[-65.60995449],[-93.65717533],
0,31,0.62,102.02090454101562,[-87.63930116],[9912.36069884],[-65.60995449],[-93.65717533],
0,32,0.64,100.55573272705078,[-90.03914675],[9909.96085325],[-65.60995449],[-93.65717533],
0,33,0.66,100.98016357421875,[-89.36081698],[9910.63918302],[-65.60995449],[-93.65717533],
0,34,0.68,102.21570587158203,[-87.37161543],[9912.62838457],[-65.60995449],[-93.65717533],
0,35,0.7000000000000001,103.34233093261719,[-85.5137707],[9914.4862293],[-65.60995449],[-93.65717533],
0,36,0.72,104.03069305419922,[-84.35383048],[9915.64616952],[-65.60995449],[-93.65717533],
0,37,0.74,108.42984771728516,[-76.83675229],[9923.16324771],[-65.60995449],[-93.65717533],
0,38,0.76,103.62427520751953,[-85.63898801],[9914.36101199],[-65.60995449],[-93.65717533],
0,39,0.78,105.58192443847656,[-82.3110599],[9917.6889401],[-65.60995449],[-93.65717533],
0,40,0.8,104.77337646484375,[-83.74113211],[9916.25886789],[-65.60995449],[-93.65717533],
0,41,0.8200000000000001,107.56267547607422,[-78.86678531],[9921.13321469],[-65.60995449],[-93.65717533],
0,42,0.84,106.38896179199219,[-81.02766485],[9918.97233515],[-65.60995449],[-93.65717533],
0,43,0.86,106.81966400146484,[-80.24656116],[9919.75343884],[-65.60995449],[-93.65717533],
0,44,0.88,111.77796936035156,[-71.11436297],[9928.88563703],[-65.60995449],[-93.65717533],
0,45,0.9,113.76949310302734,[-67.21786432],[9932.78213568],[-65.60995449],[-93.65717533],
0,46,0.92,114.579833984375,[-65.60995449],[9934.39004551],[-65.60995449],[-93.65717533],
0,47,0.9400000000000001,113.62550354003906,[-65.60995449],[9934.39004551],[-65.60995449],[-93.65717533],
0,48,0.96,112.41991424560547,[-65.60995449],[9934.39004551],[-65.60995449],[-93.65717533],
0,49,0.98,109.76753234863281,[-65.60995449],[9934.39004551],[-65.60995449],[-93.65717533],
0,50,1.0,108.0932846069336,[-65.60995449],[9934.39004551],[-65.60995449],[-93.65717533],
1,0,0.0,100.0,[-119.58525391],[9880.41474609],[-26.26139377],[-119.58525391],
1,1,0.02,99.7486801147461,[-119.55164265],[9880.44835735],[-26.26139377],[-119.58525391],
1,2,0.04,100.48037719726562,[-118.61103317],[9881.38896683],[-26.26139377],[-119.58525391],
1,3,0.06,103.68585205078125,[-113.34930149],[9886.65069851],[-26.26139377],[-119.58525391],
1,4,0.08,103.90853881835938,[-112.97061007],[9887.02938993],[-26.26139377],[-119.58525391],
1,5,0.1,104.84390258789062,[-111.38195688],[9888.61804312],[-26.26139377],[-119.58525391],
1,6,0.12,105.64920806884766,[-109.99864057],[9890.00135943],[-26.26139377],[-119.58525391],
1,7,0.14,110.20124053955078,[-102.11859456],[9897.88140544],[-26.26139377],[-119.58525391],
1,8,0.16,108.51766967773438,[-105.14961655],[9894.85038345],[-26.26139377],[-119.58525391],
1,9,0.18,110.33704376220703,[-101.91703516],[9898.08296484],[-26.26139377],[-119.58525391],
1,10,0.2,113.00968933105469,[-97.0965626],[9902.9034374],[-26.26139377],[-119.58525391],
1,11,0.22,111.81448364257812,[-99.29485986],[9900.70514014],[-26.26139377],[-119.58525391],
1,12,0.24,115.01164245605469,[-93.45901918],[9906.54098082],[-26.26139377],[-119.58525391],
1,13,0.26,121.70185089111328,[-80.98289371],[9919.01710629],[-26.26139377],[-119.58525391],
1,14,0.28,121.18706512451172,[-81.97408352],[9918.02591648],[-26.26139377],[-119.58525391],
1,15,0.3,119.85162353515625,[-84.54419897],[9915.45580103],[-26.26139377],[-119.58525391],
1,16,0.32,124.43538665771484,[-75.76818711],[9924.23181289],[-26.26139377],[-119.58525391],
1,17,0.34,127.16195678710938,[-70.46204285],[9929.53795715],[-26.26139377],[-119.58525391],
1,18,0.36,131.3836669921875,[-62.18500116],[9937.81499884],[-26.26139377],[-119.58525391],
1,19,0.38,127.12305450439453,[-70.60443563],[9929.39556437],[-26.26139377],[-119.58525391],
1,20,0.4,123.8173599243164,[-77.09524923],[9922.90475077],[-26.26139377],[-119.58525391],
1,21,0.42,125.58442687988281,[-73.64982179],[9926.35017821],[-26.26139377],[-119.58525391],
1,22,0.44,131.82481384277344,[-61.41537646],[9938.58462354],[-26.26139377],[-119.58525391],
1,23,0.46,128.7813262939453,[-67.44904965],[9932.55095035],[-26.26139377],[-119.58525391],
1,24,0.48,129.95632934570312,[-65.11962188],[9934.88037812],[-26.26139377],[-119.58525391],
1,25,0.5,131.9755096435547,[-61.11662406],[9938.88337594],[-26.26139377],[-119.58525391],
1,26,0.52,134.85313415527344,[-55.41177212],[9944.58822788],[-26.26139377],[-119.58525391],
1,27,0.54,137.51751708984375,[-50.13140951],[9949.86859049],[-26.26139377],[-119.58525391],
1,28,0.56,146.27101135253906,[-32.66691875],[9967.33308125],[-26.26139377],[-119.58525391],
1,29,0.58,146.93382263183594,[-31.34451411],[9968.65548589],[-26.26139377],[-119.58525391],
1,30,0.6,149.4815673828125,[-26.26139377],[9973.73860623],[-26.26139377],[-119.58525391],
1,31,0.62,145.77137756347656,[-26.26139377],[9973.73860623],[-26.26139377],[-119.58525391],
1,32,0.64,140.625244140625,[-26.26139377],[9973.73860623],[-26.26139377],[-119.58525391],
1,33,0.66,138.42320251464844,[-26.26139377],[9973.73860623],[-26.26139377],[-119.58525391],
1,34,0.68,142.67420959472656,[-26.26139377],[9973.73860623],[-26.26139377],[-119.58525391],
1,35,0.7000000000000001,139.05035400390625,[-26.26139377],[9973.73860623],[-26.26139377],[-119.58525391],
1,36,0.72,143.82676696777344,[-26.26139377],[9973.73860623],[-26.26139377],[-119.58525391],
1,37,0.74,139.5484161376953,[-26.26139377],[9973.73860623],[-26.26139377],[-119.58525391],
1,38,0.76,133.86695861816406,[-26.26139377],[9973.73860623],[-26.26139377],[-119.58525391],
1,39,0.78,133.1583251953125,[-26.26139377],[9973.73860623],[-26.26139377],[-119.58525391],
1,40,0.8,128.36053466796875,[-26.26139377],[9973.73860623],[-26.26139377],[-119.58525391],
1,41,0.8200000000000001,128.57052612304688,[-26.26139377],[9973.73860623],[-26.26139377],[-119.58525391],
1,42,0.84,125.84490966796875,[-26.26139377],[9973.73860623],[-26.26139377],[-119.58525391],
1,43,0.86,119.06757354736328,[-26.26139377],[9973.73860623],[-26.26139377],[-119.58525391],
1,44,0.88,118.14844512939453,[-26.26139377],[9973.73860623],[-26.26139377],[-119.58525391],
1,45,0.9,120.8398666381836,[-26.26139377],[9973.73860623],[-26.26139377],[-119.58525391],
1,46,0.92,118.3482437133789,[-26.26139377],[9973.73860623],[-26.26139377],[-119.58525391],
1,47,0.9400000000000001,113.18433380126953,[-26.26139377],[9973.73860623],[-26.26139377],[-119.58525391],
1,48,0.96,119.51078033447266,[-26.26139377],[9973.73860623],[-26.26139377],[-119.58525391],
1,49,0.98,127.00718688964844,[-26.26139377],[9973.73860623],[-26.26139377],[-119.58525391],
1,50,1.0,127.50682830810547,[-26.26139377],[9973.73860623],[-26.26139377],[-119.58525391],
2,0,0.0,100.0,[-82.50291748],[9917.49708252],[-81.6997293],[-89.57986912],
2,1,0.02,98.65475463867188,[-81.76918271],[9918.23081729],[-81.6997293],[-89.57986912],
2,2,0.04,96.83992767333984,[-82.87163636],[9917.12836364],[-81.6997293],[-89.57986912],
2,3,0.06,95.46016693115234,[-83.6565661],[9916.3434339],[-81.6997293],[-89.57986912],
2,4,0.08,93.97747802734375,[-84.45351909],[9915.54648091],[-81.6997293],[-89.57986912],
2,5,0.1,90.97392272949219,[-85.96312051],[9914.03687949],[-81.6997293],[-89.57986912],
2,6,0.12,96.20698547363281,[-83.70369845],[9916.29630155],[-81.6997293],[-89.57986912],
2,7,0.14,96.17961120605469,[-83.71871708],[9916.28128292],[-81.6997293],[-89.57986912],
2,8,0.16,95.30558776855469,[-84.19582783],[9915.80417217],[-81.6997293],[-89.57986912],
2,9,0.18,88.84403228759766,[-87.56348377],[9912.43651623],[-81.6997293],[-89.57986912],
2,10,0.2,91.17460632324219,[-86.70964327],[9913.29035673],[-81.6997293],[-89.57986912],
2,11,0.22,92.79598236083984,[-86.03291251],[9913.96708749],[-81.6997293],[-89.57986912],
2,12,0.24,92.52989196777344,[-86.15291235],[9913.84708765],[-81.6997293],[-89.57986912],
2,13,0.26,91.40524291992188,[-86.64964617],[9913.35035383],[-81.6997293],[-89.57986912],
2,14,0.28,90.70433807373047,[-86.93674316],[9913.06325684],[-81.6997293],[-89.57986912],
2,15,0.3,88.95280456542969,[-87.61647069],[9912.38352931],[-81.6997293],[-89.57986912],
2,16,0.32,86.9655990600586,[-88.2916041],[9911.7083959],[-81.6997293],[-89.57986912],
2,17,0.34,87.60650634765625,[-88.10679181],[9911.89320819],[-81.6997293],[-89.57986912],
2,18,0.36,91.84696960449219,[-86.89432795],[9913.10567205],[-81.6997293],[-89.57986912],
2,19,0.38,91.16243743896484,[-87.16650736],[9912.83349264],[-81.6997293],[-89.57986912],
2,20,0.4,91.1264877319336,[-87.18007968],[9912.81992032],[-81.6997293],[-89.57986912],
2,21,0.42,93.3309097290039,[-86.35235354],[9913.64764646],[-81.6997293],[-89.57986912],
2,22,0.44,90.47501373291016,[-87.56135701],[9912.43864299],[-81.6997293],[-89.57986912],
2,23,0.46,91.92269897460938,[-87.06930584],[9912.93069416],[-81.6997293],[-89.57986912],
2,24,0.48,91.45626068115234,[-87.24295628],[9912.75704372],[-81.6997293],[-89.57986912],
2,25,0.5,93.83802032470703,[-86.39891007],[9913.60108993],[-81.6997293],[-89.57986912],
2,26,0.52,90.7152099609375,[-87.70124178],[9912.29875822],[-81.6997293],[-89.57986912],
2,27,0.54,88.27549743652344,[-88.48140307],[9911.51859693],[-81.6997293],[-89.57986912],
2,28,0.56,83.80165100097656,[-89.57986912],[9910.42013088],[-81.6997293],[-89.57986912],
2,29,0.58,90.7282485961914,[-88.65492986],[9911.34507014],[-81.6997293],[-89.57986912],
2,30,0.6,89.24095153808594,[-89.09679952],[9910.90320048],[-81.6997293],[-89.57986912],
2,31,0.62,88.0218734741211,[-89.39627204],[9910.60372796],[-81.6997293],[-89.57986912],
2,32,0.64,90.20282745361328,[-88.95086283],[9911.04913717],[-81.6997293],[-89.57986912],
2,33,0.66,92.04486846923828,[-88.47987632],[9911.52012368],[-81.6997293],[-89.57986912],
2,34,0.68,92.19671630859375,[-88.43338458],[9911.56661542],[-81.6997293],[-89.57986912],
2,35,0.7000000000000001,97.32559204101562,[-86.87976093],[9913.12023907],[-81.6997293],[-89.57986912],
2,36,0.72,97.25479888916016,[-86.91358353],[9913.08641647],[-81.6997293],[-89.57986912],
2,37,0.74,102.41349029541016,[-82.05410113],[9917.94589887],[-81.6997293],[-89.57986912],
2,38,0.76,98.10990905761719,[-87.29112099],[9912.70887901],[-81.6997293],[-89.57986912],
2,39,0.78,103.12864685058594,[-81.6997293],[9918.3002707],[-81.6997293],[-89.57986912],
2,40,0.8,99.83989715576172,[-81.6997293],[9918.3002707],[-81.6997293],[-89.57986912],
2,41,0.8200000000000001,95.93254089355469,[-81.6997293],[9918.3002707],[-81.6997293],[-89.57986912],
2,42,0.84,90.13253021240234,[-81.6997293],[9918.3002707],[-81.6997293],[-89.57986912],
2,43,0.86,89.8870849609375,[-81.6997293],[9918.3002707],[-81.6997293],[-89.57986912],
2,44,0.88,92.08961486816406,[-81.6997293],[9918.3002707],[-81.6997293],[-89.57986912],
2,45,0.9,88.30270385742188,[-81.6997293],[9918.3002707],[-81.6997293],[-89.57986912],
2,46,0.92,93.5923080444336,[-81.6997293],[9918.3002707],[-81.6997293],[-89.57986912],
2,47,0.9400000000000001,95.54299926757812,[-81.6997293],[9918.3002707],[-81.6997293],[-89.57986912],
2,48,0.96,93.2894287109375,[-81.6997293],[9918.3002707],[-81.6997293],[-89.57986912],
2,49,0.98,89.1187515258789,[-81.6997293],[9918.3002707],[-81.6997293],[-89.57986912],
2,50,1.0,92.0221176147461,[-81.6997293],[9918.3002707],[-81.6997293],[-89.57986912],
3,0,0.0,100.0,[-106.24030762],[9893.75969238],[-45.15415081],[-106.24030762],
3,1,0.02,98.49667358398438,[-105.40539842],[9894.59460158],[-45.15415081],[-106.24030762],
3,2,0.04,99.10650634765625,[-105.03662044],[9894.96337956],[-45.15415081],[-106.24030762],
3,3,0.06,103.15526580810547,[-99.39170067],[9900.60829933],[-45.15415081],[-106.24030762],
3,4,0.08,102.67838287353516,[-100.19825362],[9899.80174638],[-45.15415081],[-106.24030762],
3,5,0.1,106.1809310913086,[-94.27972304],[9905.72027696],[-45.15415081],[-106.24030762],
3,6,0.12,102.69000244140625,[-100.35310725],[9899.64689275],[-45.15415081],[-106.24030762],
3,7,0.14,103.76957702636719,[-98.54059194],[9901.45940806],[-45.15415081],[-106.24030762],
3,8,0.16,108.34848022460938,[-90.76519327],[9909.23480673],[-45.15415081],[-106.24030762],
3,9,0.18,105.86399841308594,[-95.17303095],[9904.82696905],[-45.15415081],[-106.24030762],
3,10,0.2,106.53657531738281,[-94.00654166],[9905.99345834],[-45.15415081],[-106.24030762],
3,11,0.22,111.27838134765625,[-85.72770012],[9914.27229988],[-45.15415081],[-106.24030762],
3,12,0.24,117.6944580078125,[-74.06111024],[9925.93888976],[-45.15415081],[-106.24030762],
3,13,0.26,120.30455780029297,[-69.12446263],[9930.87553737],[-45.15415081],[-106.24030762],
3,14,0.28,118.80614471435547,[-71.99348621],[9928.00651379],[-45.15415081],[-106.24030762],
3,15,0.3,113.78985595703125,[-81.54551387],[9918.45448613],[-45.15415081],[-106.24030762],
3,16,0.32,114.66670227050781,[-79.91897574],[9920.08102426],[-45.15415081],[-106.24030762],
3,17,0.34,116.95629119873047,[-75.64431759],[9924.35568241],[-45.15415081],[-106.24030762],
3,18,0.36,119.43062591552734,[-70.96064065],[9929.03935935],[-45.15415081],[-106.24030762],
3,19,0.38,129.63536071777344,[-51.39813576],[9948.60186424],[-45.15415081],[-106.24030762],
3,20,0.4,132.80038452148438,[-45.15415081],[9954.84584919],[-45.15415081],[-106.24030762],
3,21,0.42,126.4113540649414,[-45.15415081],[9954.84584919],[-45.15415081],[-106.24030762],
3,22,0.44,122.20710754394531,[-45.15415081],[9954.84584919],[-45.15415081],[-106.24030762],
3,23,0.46,122.90528869628906,[-45.15415081],[9954.84584919],[-45.15415081],[-106.24030762],
3,24,0.48,124.59734344482422,[-45.15415081],[9954.84584919],[-45.15415081],[-106.24030762],
3,25,0.5,124.46505737304688,[-45.15415081],[9954.84584919],[-45.15415081],[-106.24030762],
3,26,0.52,122.98606872558594,[-45.15415081],[9954.84584919],[-45.15415081],[-106.24030762],
3,27,0.54,125.40567779541016,[-45.15415081],[9954.84584919],[-45.15415081],[-106.24030762],
3,28,0.56,125.30754852294922,[-45.15415081],[9954.84584919],[-45.15415081],[-106.24030762],
3,29,0.58,126.58135986328125,[-45.15415081],[9954.84584919],[-45.15415081],[-106.24030762],
3,30,0.6,118.63467407226562,[-45.15415081],[9954.84584919],[-45.15415081],[-106.24030762],
3,31,0.62,115.0324935913086,[-45.15415081],[9954.84584919],[-45.15415081],[-106.24030762],
3,32,0.64,114.84402465820312,[-45.15415081],[9954.84584919],[-45.15415081],[-106.24030762],
3,33,0.66,109.94165802001953,[-45.15415081],[9954.84584919],[-45.15415081],[-106.24030762],
3,34,0.68,112.98686218261719,[-45.15415081],[9954.84584919],[-45.15415081],[-106.24030762],
3,35,0.7000000000000001,110.31112670898438,[-45.15415081],[9954.84584919],[-45.15415081],[-106.24030762],
3,36,0.72,109.67436981201172,[-45.15415081],[9954.84584919],[-45.15415081],[-106.24030762],
3,37,0.74,110.61378479003906,[-45.15415081],[9954.84584919],[-45.15415081],[-106.24030762],
3,38,0.76,113.17083740234375,[-45.15415081],[9954.84584919],[-45.15415081],[-106.24030762],
3,39,0.78,116.11956024169922,[-45.15415081],[9954.84584919],[-45.15415081],[-106.24030762],
3,40,0.8,117.66213989257812,[-45.15415081],[9954.84584919],[-45.15415081],[-106.24030762],
3,41,0.8200000000000001,119.44049835205078,[-45.15415081],[9954.84584919],[-45.15415081],[-106.24030762],
3,42,0.84,115.78775787353516,[-45.15415081],[9954.84584919],[-45.15415081],[-106.24030762],
3,43,0.86,115.21046447753906,[-45.15415081],[9954.84584919],[-45.15415081],[-106.24030762],
3,44,0.88,111.9297866821289,[-45.15415081],[9954.84584919],[-45.15415081],[-106.24030762],
3,45,0.9,108.05316925048828,[-45.15415081],[9954.84584919],[-45.15415081],[-106.24030762],
3,46,0.92,107.20943450927734,[-45.15415081],[9954.84584919],[-45.15415081],[-106.24030762],
3,47,0.9400000000000001,109.70159912109375,[-45.15415081],[9954.84584919],[-45.15415081],[-106.24030762],
3,48,0.96,109.66973114013672,[-45.15415081],[9954.84584919],[-45.15415081],[-106.24030762],
3,49,0.98,118.17025756835938,[-45.15415081],[9954.84584919],[-45.15415081],[-106.24030762],
3,50,1.0,118.94525146484375,[-45.15415081],[9954.84584919],[-45.15415081],[-106.24030762],
4,0,0.0,100.0,[-97.88384399],[9902.11615601],[-57.39417939],[-100.7664934],
4,1,0.02,99.18214416503906,[-97.4876455],[9902.5123545],[-57.39417939],[-100.7664934],
4,2,0.04,100.02668762207031,[-96.93898123],[9903.06101877],[-57.39417939],[-100.7664934],
4,3,0.06,103.17920684814453,[-91.79148722],[9908.20851278],[-57.39417939],[-100.7664934],
4,4,0.08,102.76496124267578,[-92.49227607],[9907.50772393],[-57.39417939],[-100.7664934],
4,5,0.1,104.172119140625,[-90.11344712],[9909.88655288],[-57.39417939],[-100.7664934],
4,6,0.12,102.18207550048828,[-93.50863161],[9906.49136839],[-57.39417939],[-100.7664934],
4,7,0.14,101.0019302368164,[-95.47854737],[9904.52145263],[-57.39417939],[-100.7664934],
4,8,0.16,101.63134002685547,[-94.44280654],[9905.55719346],[-57.39417939],[-100.7664934],
4,9,0.18,100.39515686035156,[-96.49070088],[9903.50929912],[-57.39417939],[-100.7664934],
4,10,0.2,98.57969665527344,[-98.03030908],[9901.96969092],[-57.39417939],[-100.7664934],
4,11,0.22,93.94149780273438,[-100.7664934],[9899.2335066],[-57.39417939],[-100.7664934],
4,12,0.24,95.54773712158203,[-99.9953934],[9900.0046066],[-57.39417939],[-100.7664934],
4,13,0.26,94.16254425048828,[-100.70877581],[9899.29122419],[-57.39417939],[-100.7664934],
4,14,0.28,97.45917510986328,[-99.13176368],[9900.86823632],[-57.39417939],[-100.7664934],
4,15,0.3,96.1545639038086,[-99.85613015],[9900.14386985],[-57.39417939],[-100.7664934],
4,16,0.32,97.53670501708984,[-99.13588322],[9900.86411678],[-57.39417939],[-100.7664934],
4,17,0.34,97.56777954101562,[-99.11864811],[9900.88135189],[-57.39417939],[-100.7664934],
4,18,0.36,100.38703918457031,[-97.17445111],[9902.82554889],[-57.39417939],[-100.7664934],
4,19,0.38,101.03588104248047,[-96.12506918],[9903.87493082],[-57.39417939],[-100.7664934],
4,20,0.4,104.51107025146484,[-90.45657775],[9909.54342225],[-57.39417939],[-100.7664934],
4,21,0.42,103.86271667480469,[-91.56436936],[9908.43563064],[-57.39417939],[-100.7664934],
4,22,0.44,103.69844055175781,[-91.84312213],[9908.15687787],[-57.39417939],[-100.7664934],
4,23,0.46,105.13748168945312,[-89.40424807],[9910.59575193],[-57.39417939],[-100.7664934],
4,24,0.48,106.02245330810547,[-87.87965586],[9912.12034414],[-57.39417939],[-100.7664934],
4,25,0.5,105.11470031738281,[-89.46142118],[9910.53857882],[-57.39417939],[-100.7664934],
4,26,0.52,105.91207885742188,[-88.08726286],[9911.91273714],[-57.39417939],[-100.7664934],
4,27,0.54,102.30461120605469,[-94.37128197],[9905.62871803],[-57.39417939],[-100.7664934],
4,28,0.56,104.66162109375,[-90.47109354],[9909.52890646],[-57.39417939],[-100.7664934],
4,29,0.58,103.37493133544922,[-92.67773566],[9907.32226434],[-57.39417939],[-100.7664934],
4,30,0.6,104.36402893066406,[-91.0134579],[9908.9865421],[-57.39417939],[-100.7664934],
4,31,0.62,109.60688781738281,[-82.0511136],[9917.9488864],[-57.39417939],[-100.7664934],
4,32,0.64,110.8132095336914,[-79.84463661],[9920.15536339],[-57.39417939],[-100.7664934],
4,33,0.66,109.17779541015625,[-82.87828141],[9917.12171859],[-57.39417939],[-100.7664934],
4,34,0.68,107.50260162353516,[-85.94166828],[9914.05833172],[-57.39417939],[-100.7664934],
4,35,0.7000000000000001,107.77194213867188,[-85.45828995],[9914.54171005],[-57.39417939],[-100.7664934],
4,36,0.72,105.60194396972656,[-89.37886058],[9910.62113942],[-57.39417939],[-100.7664934],
4,37,0.74,106.1458740234375,[-88.42461442],[9911.57538558],[-57.39417939],[-100.7664934],
4,38,0.76,109.04969024658203,[-83.27187782],[9916.72812218],[-57.39417939],[-100.7664934],
4,39,0.78,108.56155395507812,[-84.17709679],[9915.82290321],[-57.39417939],[-100.7664934],
4,40,0.8,110.09659576416016,[-81.3344822],[9918.6655178],[-57.39417939],[-100.7664934],
4,41,0.8200000000000001,113.73286437988281,[-74.46518876],[9925.53481124],[-57.39417939],[-100.7664934],
4,42,0.84,115.28564453125,[-71.43644187],[9928.56355813],[-57.39417939],[-100.7664934],
4,43,0.86,114.21548461914062,[-73.54727521],[9926.45272479],[-57.39417939],[-100.7664934],
4,44,0.88,116.058837890625,[-69.91321319],[9930.08678681],[-57.39417939],[-100.7664934],
4,45,0.9,122.35480499267578,[-57.39417939],[9942.60582061],[-57.39417939],[-100.7664934],
4,46,0.92,117.8834457397461,[-57.39417939],[9942.60582061],[-57.39417939],[-100.7664934],
4,47,0.9400000000000001,118.29042053222656,[-57.39417939],[9942.60582061],[-57.39417939],[-100.7664934],
4,48,0.96,116.81471252441406,[-57.39417939],[9942.60582061],[-57.39417939],[-100.7664934],
4,49,0.98,113.397216796875,[-57.39417939],[9942.60582061],[-57.39417939],[-100.7664934],
4,50,1.0,121.21609497070312,[-57.39417939],[9942.60582061],[-57.39417939],[-100.7664934],
5,0,0.0,100.0,[-80.62609863],[9919.37390137],[-80.34187384],[-80.62609863],
5,1,0.02,100.78262329101562,[-80.34187384],[9919.65812616],[-80.34187384],[-80.62609863],
5,2,0.04,96.83404541015625,[-80.34187384],[9919.65812616],[-80.34187384],[-80.62609863],
5,3,0.06,96.23016357421875,[-80.34187384],[9919.65812616],[-80.34187384],[-80.62609863],
5,4,0.08,92.8632583618164,[-80.34187384],[9919.65812616],[-80.34187384],[-80.62609863],
5,5,0.1,92.0205078125,[-80.34187384],[9919.65812616],[-80.34187384],[-80.62609863],
5,6,0.12,94.28529357910156,[-80.34187384],[9919.65812616],[-80.34187384],[-80.62609863],
5,7,0.14,95.73672485351562,[-80.34187384],[9919.65812616],[-80.34187384],[-80.62609863],
5,8,0.16,93.06786346435547,[-80.34187384],[9919.65812616],[-80.34187384],[-80.62609863],
5,9,0.18,94.20658111572266,[-80.34187384],[9919.65812616],[-80.34187384],[-80.62609863],
5,10,0.2,93.84861755371094,[-80.34187384],[9919.65812616],[-80.34187384],[-80.62609863],
5,11,0.22,91.95323944091797,[-80.34187384],[9919.65812616],[-80.34187384],[-80.62609863],
5,12,0.24,92.30418395996094,[-80.34187384],[9919.65812616],[-80.34187384],[-80.62609863],
5,13,0.26,95.9076919555664,[-80.34187384],[9919.65812616],[-80.34187384],[-80.62609863],
5,14,0.28,91.80474090576172,[-80.34187384],[9919.65812616],[-80.34187384],[-80.62609863],
5,15,0.3,91.01387023925781,[-80.34187384],[9919.65812616],[-80.34187384],[-80.62609863],
5,16,0.32,88.48065948486328,[-80.34187384],[9919.65812616],[-80.34187384],[-80.62609863],
5,17,0.34,88.48052978515625,[-80.34187384],[9919.65812616],[-80.34187384],[-80.62609863],
5,18,0.36,85.71240234375,[-80.34187384],[9919.65812616],[-80.34187384],[-80.62609863],
5,19,0.38,84.9780044555664,[-80.34187384],[9919.65812616],[-80.34187384],[-80.62609863],
5,20,0.4,88.35044860839844,[-80.34187384],[9919.65812616],[-80.34187384],[-80.62609863],
5,21,0.42,89.79918670654297,[-80.34187384],[9919.65812616],[-80.34187384],[-80.62609863],
5,22,0.44,89.19874572753906,[-80.34187384],[9919.65812616],[-80.34187384],[-80.62609863],
5,23,0.46,90.35165405273438,[-80.34187384],[9919.65812616],[-80.34187384],[-80.62609863],
5,24,0.48,89.63528442382812,[-80.34187384],[9919.65812616],[-80.34187384],[-80.62609863],
5,25,0.5,90.37931823730469,[-80.34187384],[9919.65812616],[-80.34187384],[-80.62609863],
5,26,0.52,87.20906829833984,[-80.34187384],[9919.65812616],[-80.34187384],[-80.62609863],
5,27,0.54,89.42335510253906,[-80.34187384],[9919.65812616],[-80.34187384],[-80.62609863],
5,28,0.56,86.4521255493164,[-80.34187384],[9919.65812616],[-80.34187384],[-80.62609863],
5,29,0.58,90.8597412109375,[-80.34187384],[9919.65812616],[-80.34187384],[-80.62609863],
5,30,0.6,93.68781280517578,[-80.34187384],[9919.65812616],[-80.34187384],[-80.62609863],
5,31,0.62,93.70096588134766,[-80.34187384],[9919.65812616],[-80.34187384],[-80.62609863],
5,32,0.64,92.57022094726562,[-80.34187384],[9919.65812616],[-80.34187384],[-80.62609863],
5,33,0.66,94.10221862792969,[-80.34187384],[9919.65812616],[-80.34187384],[-80.62609863],
5,34,0.68,98.26736450195312,[-80.34187384],[9919.65812616],[-80.34187384],[-80.62609863],
5,35,0.7000000000000001,99.17423248291016,[-80.34187384],[9919.65812616],[-80.34187384],[-80.62609863],
5,36,0.72,94.75812530517578,[-80.34187384],[9919.65812616],[-80.34187384],[-80.62609863],
5,37,0.74,94.63286590576172,[-80.34187384],[9919.65812616],[-80.34187384],[-80.62609863],
5,38,0.76,94.72023010253906,[-80.34187384],[9919.65812616],[-80.34187384],[-80.62609863],
5,39,0.78,92.14258575439453,[-80.34187384],[9919.65812616],[-80.34187384],[-80.62609863],
5,40,0.8,90.83760070800781,[-80.34187384],[9919.65812616],[-80.34187384],[-80.62609863],
5,41,0.8200000000000001,91.28456115722656,[-80.34187384],[9919.65812616],[-80.34187384],[-80.62609863],
5,42,0.84,94.58465576171875,[-80.34187384],[9919.65812616],[-80.34187384],[-80.62609863],
5,43,0.86,98.4817123413086,[-80.34187384],[9919.65812616],[-80.34187384],[-80.62609863],
5,44,0.88,97.2708969116211,[-80.34187384],[9919.65812616],[-80.34187384],[-80.62609863],
5,45,0.9,95.69461822509766,[-80.34187384],[9919.65812616],[-80.34187384],[-80.62609863],
5,46,0.92,98.55584716796875,[-80.34187384],[9919.65812616],[-80.34187384],[-80.62609863],
5,47,0.9400000000000001,99.85128784179688,[-80.34187384],[9919.65812616],[-80.34187384],[-80.62609863],
5,48,0.96,99.40187072753906,[-80.34187384],[9919.65812616],[-80.34187384],[-80.62609863],
5,49,0.98,95.82061767578125,[-80.34187384],[9919.65812616],[-80.34187384],[-80.62609863],
5,50,1.0,99.14732360839844,[-80.34187384],[9919.65812616],[-80.34187384],[-80.62609863],
6,0,0.0,100.0,[-82.69724731],[9917.30275269],[-82.99626696],[-92.84174297],
6,1,0.02,103.02822875976562,[-81.73423608],[9918.26576392],[-82.99626696],[-92.84174297],
6,2,0.04,101.3179931640625,[-84.62213746],[9915.37786254],[-82.99626696],[-92.84174297],
6,3,0.06,96.17230987548828,[-89.32114753],[9910.67885247],[-82.99626696],[-92.84174297],
6,4,0.08,97.02606201171875,[-88.84893582],[9911.15106418],[-82.99626696],[-92.84174297],
6,5,0.1,97.5784912109375,[-88.53362707],[9911.46637293],[-82.99626696],[-92.84174297],
6,6,0.12,97.07145690917969,[-88.82302588],[9911.17697412],[-82.99626696],[-92.84174297],
6,7,0.14,97.4693832397461,[-88.59590238],[9911.40409762],[-82.99626696],[-92.84174297],
6,8,0.16,97.15547180175781,[-88.77507289],[9911.22492711],[-82.99626696],[-92.84174297],
6,9,0.18,94.05004119873047,[-90.54007982],[9909.45992018],[-82.99626696],[-92.84174297],
6,10,0.2,93.9255142211914,[-90.60126175],[9909.39873825],[-82.99626696],[-92.84174297],
6,11,0.22,93.1741714477539,[-90.9678334],[9909.0321666],[-82.99626696],[-92.84174297],
6,12,0.24,91.8456802368164,[-91.58051575],[9908.41948425],[-82.99626696],[-92.84174297],
6,13,0.26,96.72035217285156,[-89.50771579],[9910.49228421],[-82.99626696],[-92.84174297],
6,14,0.28,92.35309600830078,[-91.86762095],[9908.13237905],[-82.99626696],[-92.84174297],
6,15,0.3,90.08433532714844,[-92.84174297],[9907.15825703],[-82.99626696],[-92.84174297],
6,16,0.32,94.12773132324219,[-91.35399712],[9908.64600288],[-82.99626696],[-92.84174297],
6,17,0.34,93.02352142333984,[-91.86859838],[9908.13140162],[-82.99626696],[-92.84174297],
6,18,0.36,95.64793395996094,[-90.73014719],[9909.26985281],[-82.99626696],[-92.84174297],
6,19,0.38,97.72732543945312,[-89.69384078],[9910.30615922],[-82.99626696],[-92.84174297],
6,20,0.4,99.13203430175781,[-88.92237594],[9911.07762406],[-82.99626696],[-92.84174297],
6,21,0.42,102.29324340820312,[-84.78743489],[9915.21256511],[-82.99626696],[-92.84174297],
6,22,0.44,103.3715591430664,[-82.99626696],[9917.00373304],[-82.99626696],[-92.84174297],
6,23,0.46,99.6170654296875,[-82.99626696],[9917.00373304],[-82.99626696],[-92.84174297],
6,24,0.48,100.449462890625,[-82.99626696],[9917.00373304],[-82.99626696],[-92.84174297],
6,25,0.5,96.23798370361328,[-82.99626696],[9917.00373304],[-82.99626696],[-92.84174297],
6,26,0.52,98.46788024902344,[-82.99626696],[9917.00373304],[-82.99626696],[-92.84174297],
6,27,0.54,96.49510955810547,[-82.99626696],[9917.00373304],[-82.99626696],[-92.84174297],
6,28,0.56,96.76608276367188,[-82.99626696],[9917.00373304],[-82.99626696],[-92.84174297],
6,29,0.58,89.79019165039062,[-82.99626696],[9917.00373304],[-82.99626696],[-92.84174297],
6,30,0.6,93.49139404296875,[-82.99626696],[9917.00373304],[-82.99626696],[-92.84174297],
6,31,0.62,86.30261993408203,[-82.99626696],[9917.00373304],[-82.99626696],[-92.84174297],
6,32,0.64,85.67326354980469,[-82.99626696],[9917.00373304],[-82.99626696],[-92.84174297],
6,33,0.66,85.38590240478516,[-82.99626696],[9917.00373304],[-82.99626696],[-92.84174297],
6,34,0.68,90.67393493652344,[-82.99626696],[9917.00373304],[-82.99626696],[-92.84174297],
6,35,0.7000000000000001,91.70672607421875,[-82.99626696],[9917.00373304],[-82.99626696],[-92.84174297],
6,36,0.72,89.44821166992188,[-82.99626696],[9917.00373304],[-82.99626696],[-92.84174297],
6,37,0.74,86.4060287475586,[-82.99626696],[9917.00373304],[-82.99626696],[-92.84174297],
6,38,0.76,88.29633331298828,[-82.99626696],[9917.00373304],[-82.99626696],[-92.84174297],
6,39,0.78,90.5024642944336,[-82.99626696],[9917.00373304],[-82.99626696],[-92.84174297],
6,40,0.8,87.27526092529297,[-82.99626696],[9917.00373304],[-82.99626696],[-92.84174297],
6,41,0.8200000000000001,89.92670440673828,[-82.99626696],[9917.00373304],[-82.99626696],[-92.84174297],
6,42,0.84,86.42071533203125,[-82.99626696],[9917.00373304],[-82.99626696],[-92.84174297],
6,43,0.86,89.01374053955078,[-82.99626696],[9917.00373304],[-82.99626696],[-92.84174297],
6,44,0.88,87.17847442626953,[-82.99626696],[9917.00373304],[-82.99626696],[-92.84174297],
6,45,0.9,88.71932220458984,[-82.99626696],[9917.00373304],[-82.99626696],[-92.84174297],
6,46,0.92,86.29769897460938,[-82.99626696],[9917.00373304],[-82.99626696],[-92.84174297],
6,47,0.9400000000000001,87.1163330078125,[-82.99626696],[9917.00373304],[-82.99626696],[-92.84174297],
6,48,0.96,90.5103530883789,[-82.99626696],[9917.00373304],[-82.99626696],[-92.84174297],
6,49,0.98,87.70513916015625,[-82.99626696],[9917.00373304],[-82.99626696],[-92.84174297],
6,50,1.0,88.51589965820312,[-82.99626696],[9917.00373304],[-82.99626696],[-92.84174297],
7,0,0.0,100.0,[-88.47459106],[9911.52540894],[-75.52086319],[-98.05402235],
7,1,0.02,101.21251678466797,[-88.16530801],[9911.83469199],[-75.52086319],[-98.05402235],
7,2,0.04,100.32997131347656,[-89.62690947],[9910.37309053],[-75.52086319],[-98.05402235],
7,3,0.06,101.40715026855469,[-87.86175999],[9912.13824001],[-75.52086319],[-98.05402235],
7,4,0.08,97.202392578125,[-92.03413725],[9907.96586275],[-75.52086319],[-98.05402235],
7,5,0.1,99.04692840576172,[-90.97809003],[9909.02190997],[-75.52086319],[-98.05402235],
7,6,0.12,95.93505096435547,[-92.87247549],[9907.12752451],[-75.52086319],[-98.05402235],
7,7,0.14,95.30744171142578,[-93.21147511],[9906.78852489],[-75.52086319],[-98.05402235],
7,8,0.16,93.78263854980469,[-94.01011053],[9905.98988947],[-75.52086319],[-98.05402235],
7,9,0.18,90.0930404663086,[-95.80347718],[9904.19652282],[-75.52086319],[-98.05402235],
7,10,0.2,89.73332214355469,[-95.94541252],[9904.05458748],[-75.52086319],[-98.05402235],
7,11,0.22,89.30387878417969,[-96.10940698],[9903.89059302],[-75.52086319],[-98.05402235],
7,12,0.24,87.89935302734375,[-96.62599256],[9903.37400744],[-75.52086319],[-98.05402235],
7,13,0.26,90.1878433227539,[-95.87094699],[9904.12905301],[-75.52086319],[-98.05402235],
7,14,0.28,89.73153686523438,[-96.04399925],[9903.95600075],[-75.52086319],[-98.05402235],
7,15,0.3,85.66162872314453,[-97.52632675],[9902.47367325],[-75.52086319],[-98.05402235],
7,16,0.32,87.20047760009766,[-97.12321854],[9902.87678146],[-75.52086319],[-98.05402235],
7,17,0.34,84.18147277832031,[-98.0044042],[9901.9955958],[-75.52086319],[-98.05402235],
7,18,0.36,84.85028076171875,[-97.85791011],[9902.14208989],[-75.52086319],[-98.05402235],
7,19,0.38,83.94831085205078,[-98.05402235],[9901.94597765],[-75.52086319],[-98.05402235],
7,20,0.4,85.31062316894531,[-97.78121656],[9902.21878344],[-75.52086319],[-98.05402235],
7,21,0.42,87.142578125,[-97.37167225],[9902.62832775],[-75.52086319],[-98.05402235],
7,22,0.44,90.65082550048828,[-96.45997326],[9903.54002674],[-75.52086319],[-98.05402235],
7,23,0.46,92.91587829589844,[-95.67972183],[9904.32027817],[-75.52086319],[-98.05402235],
7,24,0.48,96.89739227294922,[-94.08138209],[9905.91861791],[-75.52086319],[-98.05402235],
7,25,0.5,102.1437759399414,[-89.25797335],[9910.74202665],[-75.52086319],[-98.05402235],
7,26,0.52,100.85624694824219,[-91.38464336],[9908.61535664],[-75.52086319],[-98.05402235],
7,27,0.54,100.39193725585938,[-92.13511296],[9907.86488704],[-75.52086319],[-98.05402235],
7,28,0.56,105.19074249267578,[-84.44638011],[9915.55361989],[-75.52086319],[-98.05402235],
7,29,0.58,100.46502685546875,[-92.61039209],[9907.38960791],[-75.52086319],[-98.05402235],
7,30,0.6,103.24632263183594,[-88.1584861],[9911.8415139],[-75.52086319],[-98.05402235],
7,31,0.62,104.1357192993164,[-86.66489536],[9913.33510464],[-75.52086319],[-98.05402235],
7,32,0.64,109.52408599853516,[-77.48116301],[9922.51883699],[-75.52086319],[-98.05402235],
7,33,0.66,110.5932388305664,[-75.52086319],[9924.47913681],[-75.52086319],[-98.05402235],
7,34,0.68,105.80775451660156,[-75.52086319],[9924.47913681],[-75.52086319],[-98.05402235],
7,35,0.7000000000000001,104.7430419921875,[-75.52086319],[9924.47913681],[-75.52086319],[-98.05402235],
7,36,0.72,103.5221939086914,[-75.52086319],[9924.47913681],[-75.52086319],[-98.05402235],
7,37,0.74,100.64169311523438,[-75.52086319],[9924.47913681],[-75.52086319],[-98.05402235],
7,38,0.76,102.8087158203125,[-75.52086319],[9924.47913681],[-75.52086319],[-98.05402235],
7,39,0.78,97.84452819824219,[-75.52086319],[9924.47913681],[-75.52086319],[-98.05402235],
7,40,0.8,95.03376007080078,[-75.52086319],[9924.47913681],[-75.52086319],[-98.05402235],
7,41,0.8200000000000001,90.87324523925781,[-75.52086319],[9924.47913681],[-75.52086319],[-98.05402235],
7,42,0.84,96.08646392822266,[-75.52086319],[9924.47913681],[-75.52086319],[-98.05402235],
7,43,0.86,94.86690521240234,[-75.52086319],[9924.47913681],[-75.52086319],[-98.05402235],
7,44,0.88,99.01194763183594,[-75.52086319],[9924.47913681],[-75.52086319],[-98.05402235],
7,45,0.9,98.685302734375,[-75.52086319],[9924.47913681],[-75.52086319],[-98.05402235],
7,46,0.92,97.9192886352539,[-75.52086319],[9924.47913681],[-75.52086319],[-98.05402235],
7,47,0.9400000000000001,99.1899642944336,[-75.52086319],[9924.47913681],[-75.52086319],[-98.05402235],
7,48,0.96,103.36961364746094,[-75.52086319],[9924.47913681],[-75.52086319],[-98.05402235],
7,49,0.98,104.91952514648438,[-75.52086319],[9924.47913681],[-75.52086319],[-98.05402235],
7,50,1.0,98.87385559082031,[-75.52086319],[9924.47913681],[-75.52086319],[-98.05402235],
8,0,0.0,100.0,[-86.63282471],[9913.36717529],[-79.71902284],[-96.65976132],
8,1,0.02,102.3631820678711,[-85.90926547],[9914.09073453],[-79.71902284],[-96.65976132],
8,2,0.04,102.09526824951172,[-86.35904943],[9913.64095057],[-79.71902284],[-96.65976132],
8,3,0.06,99.74124145507812,[-90.0472283],[9909.9527717],[-79.71902284],[-96.65976132],
8,4,0.08,99.16352844238281,[-90.40861982],[9909.59138018],[-79.71902284],[-96.65976132],
8,5,0.1,98.89413452148438,[-90.57425031],[9909.42574969],[-79.71902284],[-96.65976132],
8,6,0.12,98.16435241699219,[-91.02058016],[9908.97941984],[-79.71902284],[-96.65976132],
8,7,0.14,103.15422821044922,[-84.92847347],[9915.07152653],[-79.71902284],[-96.65976132],
8,8,0.16,104.69108581542969,[-82.33612552],[9917.66387448],[-79.71902284],[-96.65976132],
8,9,0.18,98.54193115234375,[-91.4176594],[9908.5823406],[-79.71902284],[-96.65976132],
8,10,0.2,95.99705505371094,[-92.92162236],[9907.07837764],[-79.71902284],[-96.65976132],
8,11,0.22,95.2969741821289,[-93.29345174],[9906.70654826],[-79.71902284],[-96.65976132],
8,12,0.24,96.27926635742188,[-92.79001308],[9907.20998692],[-79.71902284],[-96.65976132],
8,13,0.26,94.28569030761719,[-93.85159251],[9906.14840749],[-79.71902284],[-96.65976132],
8,14,0.28,94.84149932861328,[-93.58373621],[9906.41626379],[-79.71902284],[-96.65976132],
8,15,0.3,94.58629608154297,[-93.7098002],[9906.2901998],[-79.71902284],[-96.65976132],
8,16,0.32,95.95452880859375,[-93.03596865],[9906.96403135],[-79.71902284],[-96.65976132],
8,17,0.34,90.48221588134766,[-95.84243477],[9904.15756523],[-79.71902284],[-96.65976132],
8,18,0.36,89.13477325439453,[-96.33775752],[9903.66224248],[-79.71902284],[-96.65976132],
8,19,0.38,88.15193176269531,[-96.65976132],[9903.34023868],[-79.71902284],[-96.65976132],
8,20,0.4,91.5672836303711,[-95.64373097],[9904.35626903],[-79.71902284],[-96.65976132],
8,21,0.42,96.48741149902344,[-93.77171629],[9906.22828371],[-79.71902284],[-96.65976132],
8,22,0.44,98.99051666259766,[-92.49478516],[9907.50521484],[-79.71902284],[-96.65976132],
8,23,0.46,103.80316162109375,[-85.92720907],[9914.07279093],[-79.71902284],[-96.65976132],
8,24,0.48,100.39889526367188,[-91.69020044],[9908.30979956],[-79.71902284],[-96.65976132],
8,25,0.5,95.97470092773438,[-94.77676736],[9905.22323264],[-79.71902284],[-96.65976132],
8,26,0.52,94.53629302978516,[-95.46678765],[9904.53321235],[-79.71902284],[-96.65976132],
8,27,0.54,93.74930572509766,[-95.80656505],[9904.19343495],[-79.71902284],[-96.65976132],
8,28,0.56,96.45258331298828,[-94.71722162],[9905.28277838],[-79.71902284],[-96.65976132],
8,29,0.58,100.1834487915039,[-92.73913576],[9907.26086424],[-79.71902284],[-96.65976132],
8,30,0.6,97.2809829711914,[-94.64103037],[9905.35896963],[-79.71902284],[-96.65976132],
8,31,0.62,101.07960510253906,[-91.66881283],[9908.33118717],[-79.71902284],[-96.65976132],
8,32,0.64,102.79326629638672,[-88.89962734],[9911.10037266],[-79.71902284],[-96.65976132],
8,33,0.66,108.29103088378906,[-79.71902284],[9920.28097716],[-79.71902284],[-96.65976132],
8,34,0.68,104.37580108642578,[-79.71902284],[9920.28097716],[-79.71902284],[-96.65976132],
8,35,0.7000000000000001,104.07062530517578,[-79.71902284],[9920.28097716],[-79.71902284],[-96.65976132],
8,36,0.72,107.14696502685547,[-79.71902284],[9920.28097716],[-79.71902284],[-96.65976132],
8,37,0.74,104.37615966796875,[-79.71902284],[9920.28097716],[-79.71902284],[-96.65976132],
8,38,0.76,99.83927917480469,[-79.71902284],[9920.28097716],[-79.71902284],[-96.65976132],
8,39,0.78,98.1070556640625,[-79.71902284],[9920.28097716],[-79.71902284],[-96.65976132],
8,40,0.8,104.06221008300781,[-79.71902284],[9920.28097716],[-79.71902284],[-96.65976132],
8,41,0.8200000000000001,102.24755859375,[-79.71902284],[9920.28097716],[-79.71902284],[-96.65976132],
8,42,0.84,103.1865463256836,[-79.71902284],[9920.28097716],[-79.71902284],[-96.65976132],
8,43,0.86,103.63822174072266,[-79.71902284],[9920.28097716],[-79.71902284],[-96.65976132],
8,44,0.88,104.19175720214844,[-79.71902284],[9920.28097716],[-79.71902284],[-96.65976132],
8,45,0.9,98.3836441040039,[-79.71902284],[9920.28097716],[-79.71902284],[-96.65976132],
8,46,0.92,99.36465454101562,[-79.71902284],[9920.28097716],[-79.71902284],[-96.65976132],
8,47,0.9400000000000001,95.55503845214844,[-79.71902284],[9920.28097716],[-79.71902284],[-96.65976132],
8,48,0.96,93.46243286132812,[-79.71902284],[9920.28097716],[-79.71902284],[-96.65976132],
8,49,0.98,90.5203628540039,[-79.71902284],[9920.28097716],[-79.71902284],[-96.65976132],
8,50,1.0,88.38268280029297,[-79.71902284],[9920.28097716],[-79.71902284],[-96.65976132],
9,0,0.0,100.0,[-114.73183594],[9885.26816406],[-36.46060506],[-114.73183594],
9,1,0.02,101.87665557861328,[-114.18344525],[9885.81655475],[-36.46060506],[-114.73183594],
9,2,0.04,102.5807876586914,[-113.00862409],[9886.99137591],[-36.46060506],[-114.73183594],
9,3,0.06,108.83779907226562,[-102.49589599],[9897.50410401],[-36.46060506],[-114.73183594],
9,4,0.08,116.89311218261719,[-88.15911676],[9911.84088324],[-36.46060506],[-114.73183594],
9,5,0.1,120.65544128417969,[-81.10936726],[9918.89063274],[-36.46060506],[-114.73183594],
9,6,0.12,123.43817138671875,[-75.80552139],[9924.19447861],[-36.46060506],[-114.73183594],
9,7,0.14,122.42986297607422,[-77.74809248],[9922.25190752],[-36.46060506],[-114.73183594],
9,8,0.16,123.87718963623047,[-74.95972446],[9925.04027554],[-36.46060506],[-114.73183594],
9,9,0.18,128.15614318847656,[-66.71958295],[9933.28041705],[-36.46060506],[-114.73183594],
9,10,0.2,123.09591674804688,[-76.60514167],[9923.39485833],[-36.46060506],[-114.73183594],
9,11,0.22,122.98247528076172,[-76.82406633],[9923.17593367],[-36.46060506],[-114.73183594],
9,12,0.24,119.8482666015625,[-82.87028485],[9917.12971515],[-36.46060506],[-114.73183594],
9,13,0.26,121.26903533935547,[-80.15743083],[9919.84256917],[-36.46060506],[-114.73183594],
9,14,0.28,119.4249496459961,[-83.70120116],[9916.29879884],[-36.46060506],[-114.73183594],
9,15,0.3,120.70784759521484,[-81.25177993],[9918.74822007],[-36.46060506],[-114.73183594],
9,16,0.32,119.21149444580078,[-84.12753156],[9915.87246844],[-36.46060506],[-114.73183594],
9,17,0.34,120.40157318115234,[-81.84039041],[9918.15960959],[-36.46060506],[-114.73183594],
9,18,0.36,116.61737060546875,[-89.10962013],[9910.89037987],[-36.46060506],[-114.73183594],
9,19,0.38,118.04235076904297,[-86.41443434],[9913.58556566],[-36.46060506],[-114.73183594],
9,20,0.4,120.34859466552734,[-82.01648191],[9917.98351809],[-36.46060506],[-114.73183594],
9,21,0.42,121.69921112060547,[-79.41283146],[9920.58716854],[-36.46060506],[-114.73183594],
9,22,0.44,124.9139175415039,[-73.17833913],[9926.82166087],[-36.46060506],[-114.73183594],
9,23,0.46,128.0084228515625,[-67.11553249],[9932.88446751],[-36.46060506],[-114.73183594],
9,24,0.48,127.5440444946289,[-68.03205123],[9931.96794877],[-36.46060506],[-114.73183594],
9,25,0.5,126.9801254272461,[-69.14502814],[9930.85497186],[-36.46060506],[-114.73183594],
9,26,0.52,124.39061737060547,[-74.25580172],[9925.74419828],[-36.46060506],[-114.73183594],
9,27,0.54,129.3783721923828,[-64.41303346],[9935.58696654],[-36.46060506],[-114.73183594],
9,28,0.56,129.6949920654297,[-63.78496435],[9936.21503565],[-36.46060506],[-114.73183594],
9,29,0.58,132.6317138671875,[-57.95947954],[9942.04052046],[-36.46060506],[-114.73183594],
9,30,0.6,132.13844299316406,[-58.93796581],[9941.06203419],[-36.46060506],[-114.73183594],
9,31,0.62,133.29457092285156,[-56.64604261],[9943.35395739],[-36.46060506],[-114.73183594],
9,32,0.64,127.7115249633789,[-67.78178679],[9932.21821321],[-36.46060506],[-114.73183594],
9,33,0.66,129.1202850341797,[-64.97192424],[9935.02807576],[-36.46060506],[-114.73183594],
9,34,0.68,131.44480895996094,[-60.33551179],[9939.66448821],[-36.46060506],[-114.73183594],
9,35,0.7000000000000001,129.617431640625,[-63.98033337],[9936.01966663],[-36.46060506],[-114.73183594],
9,36,0.72,127.45123291015625,[-68.30095603],[9931.69904397],[-36.46060506],[-114.73183594],
9,37,0.74,128.5358123779297,[-66.13769254],[9933.86230746],[-36.46060506],[-114.73183594],
9,38,0.76,132.16893005371094,[-58.89120571],[9941.10879429],[-36.46060506],[-114.73183594],
9,39,0.78,128.40684509277344,[-66.39492608],[9933.60507392],[-36.46060506],[-114.73183594],
9,40,0.8,136.93716430664062,[-49.38065587],[9950.61934413],[-36.46060506],[-114.73183594],
9,41,0.8200000000000001,136.8194122314453,[-49.61551995],[9950.38448005],[-36.46060506],[-114.73183594],
9,42,0.84,134.02320861816406,[-55.19272787],[9944.80727213],[-36.46060506],[-114.73183594],
9,43,0.86,134.08006286621094,[-55.07932842],[9944.92067158],[-36.46060506],[-114.73183594],
9,44,0.88,141.19859313964844,[-40.88096203],[9959.11903797],[-36.46060506],[-114.73183594],
9,45,0.9,140.62171936035156,[-42.03157388],[9957.96842612],[-36.46060506],[-114.73183594],
9,46,0.92,137.20040893554688,[-48.85559753],[9951.14440247],[-36.46060506],[-114.73183594],
9,47,0.9400000000000001,141.34417724609375,[-40.59058517],[9959.40941483],[-36.46060506],[-114.73183594],
9,48,0.96,143.414794921875,[-36.46060506],[9963.53939494],[-36.46060506],[-114.73183594],
9,49,0.98,142.9338836669922,[-36.46060506],[9963.53939494],[-36.46060506],[-114.73183594],
9,50,1.0,141.1963653564453,[-36.46060506],[9963.53939494],[-36.46060506],[-114.73183594],
10,0,0.0,100.0,[-82.32061157],[9917.67938843],[-79.7559306],[-82.32061157],
10,1,0.02,101.63908386230469,[-81.85775408],[9918.14224592],[-79.7559306],[-82.32061157],
10,2,0.04,102.90076446533203,[-79.7559306],[9920.2440694],[-79.7559306],[-82.32061157],
10,3,0.06,98.9760513305664,[-79.7559306],[9920.2440694],[-79.7559306],[-82.32061157],
10,4,0.08,100.50116729736328,[-79.7559306],[9920.2440694],[-79.7559306],[-82.32061157],
10,5,0.1,100.39781188964844,[-79.7559306],[9920.2440694],[-79.7559306],[-82.32061157],
10,6,0.12,102.07608795166016,[-79.7559306],[9920.2440694],[-79.7559306],[-82.32061157],
10,7,0.14,95.42797088623047,[-79.7559306],[9920.2440694],[-79.7559306],[-82.32061157],
10,8,0.16,97.8468246459961,[-79.7559306],[9920.2440694],[-79.7559306],[-82.32061157],
10,9,0.18,96.67608642578125,[-79.7559306],[9920.2440694],[-79.7559306],[-82.32061157],
10,10,0.2,92.53657531738281,[-79.7559306],[9920.2440694],[-79.7559306],[-82.32061157],
10,11,0.22,94.85397338867188,[-79.7559306],[9920.2440694],[-79.7559306],[-82.32061157],
10,12,0.24,96.28826141357422,[-79.7559306],[9920.2440694],[-79.7559306],[-82.32061157],
10,13,0.26,94.59510803222656,[-79.7559306],[9920.2440694],[-79.7559306],[-82.32061157],
10,14,0.28,98.99493408203125,[-79.7559306],[9920.2440694],[-79.7559306],[-82.32061157],
10,15,0.3,101.43559265136719,[-79.7559306],[9920.2440694],[-79.7559306],[-82.32061157],
10,16,0.32,102.45246887207031,[-79.7559306],[9920.2440694],[-79.7559306],[-82.32061157],
10,17,0.34,100.27973937988281,[-79.7559306],[9920.2440694],[-79.7559306],[-82.32061157],
10,18,0.36,99.93074798583984,[-79.7559306],[9920.2440694],[-79.7559306],[-82.32061157],
10,19,0.38,100.70423126220703,[-79.7559306],[9920.2440694],[-79.7559306],[-82.32061157],
10,20,0.4,101.7384262084961,[-79.7559306],[9920.2440694],[-79.7559306],[-82.32061157],
10,21,0.42,99.56768035888672,[-79.7559306],[9920.2440694],[-79.7559306],[-82.32061157],
10,22,0.44,95.52703857421875,[-79.7559306],[9920.2440694],[-79.7559306],[-82.32061157],
10,23,0.46,95.60687255859375,[-79.7559306],[9920.2440694],[-79.7559306],[-82.32061157],
10,24,0.48,95.48570251464844,[-79.7559306],[9920.2440694],[-79.7559306],[-82.32061157],
10,25,0.5,97.47699737548828,[-79.7559306],[9920.2440694],[-79.7559306],[-82.32061157],
10,26,0.52,91.9173583984375,[-79.7559306],[9920.2440694],[-79.7559306],[-82.32061157],
10,27,0.54,89.39635467529297,[-79.7559306],[9920.2440694],[-79.7559306],[-82.32061157],
10,28,0.56,88.24383544921875,[-79.7559306],[9920.2440694],[-79.7559306],[-82.32061157],
10,29,0.58,84.62498474121094,[-79.7559306],[9920.2440694],[-79.7559306],[-82.32061157],
10,30,0.6,86.40164947509766,[-79.7559306],[9920.2440694],[-79.7559306],[-82.32061157],
10,31,0.62,89.04894256591797,[-79.7559306],[9920.2440694],[-79.7559306],[-82.32061157],
10,32,0.64,90.680908203125,[-79.7559306],[9920.2440694],[-79.7559306],[-82.32061157],
10,33,0.66,90.72502136230469,[-79.7559306],[9920.2440694],[-79.7559306],[-82.32061157],
10,34,0.68,93.0537338256836,[-79.7559306],[9920.2440694],[-79.7559306],[-82.32061157],
10,35,0.7000000000000001,95.16875457763672,[-79.7559306],[9920.2440694],[-79.7559306],[-82.32061157],
10,36,0.72,98.5315933227539,[-79.7559306],[9920.2440694],[-79.7559306],[-82.32061157],
10,37,0.74,95.3335189819336,[-79.7559306],[9920.2440694],[-79.7559306],[-82.32061157],
10,38,0.76,94.33055877685547,[-79.7559306],[9920.2440694],[-79.7559306],[-82.32061157],
10,39,0.78,97.49264526367188,[-79.7559306],[9920.2440694],[-79.7559306],[-82.32061157],
10,40,0.8,100.57400512695312,[-79.7559306],[9920.2440694],[-79.7559306],[-82.32061157],
10,41,0.8200000000000001,98.94454193115234,[-79.7559306],[9920.2440694],[-79.7559306],[-82.32061157],
10,42,0.84,96.93508911132812,[-79.7559306],[9920.2440694],[-79.7559306],[-82.32061157],
10,43,0.86,97.28225708007812,[-79.7559306],[9920.2440694],[-79.7559306],[-82.32061157],
10,44,0.88,97.7619857788086,[-79.7559306],[9920.2440694],[-79.7559306],[-82.32061157],
10,45,0.9,96.4415283203125,[-79.7559306],[9920.2440694],[-79.7559306],[-82.32061157],
10,46,0.92,96.09870910644531,[-79.7559306],[9920.2440694],[-79.7559306],[-82.32061157],
10,47,0.9400000000000001,92.83121490478516,[-79.7559306],[9920.2440694],[-79.7559306],[-82.32061157],
10,48,0.96,95.47807312011719,[-79.7559306],[9920.2440694],[-79.7559306],[-82.32061157],
10,49,0.98,87.73681640625,[-79.7559306],[9920.2440694],[-79.7559306],[-82.32061157],
10,50,1.0,90.27632141113281,[-79.7559306],[9920.2440694],[-79.7559306],[-82.32061157],
11,0,0.0,100.0,[-92.85297241],[9907.14702759],[-73.93002297],[-101.67878292],
11,1,0.02,106.10343170166016,[-90.7825609],[9909.2174391],[-73.93002297],[-101.67878292],
11,2,0.04,103.57515716552734,[-95.17939471],[9904.82060529],[-73.93002297],[-101.67878292],
11,3,0.06,101.04444885253906,[-99.4749596],[9900.5250404],[-73.93002297],[-101.67878292],
11,4,0.08,101.02554321289062,[-99.50620706],[9900.49379294],[-73.93002297],[-101.67878292],
11,5,0.1,103.73511505126953,[-95.03272401],[9904.96727599],[-73.93002297],[-101.67878292],
11,6,0.12,102.16810607910156,[-97.69413851],[9902.30586149],[-73.93002297],[-101.67878292],
11,7,0.14,99.45271301269531,[-101.67878292],[9898.32121708],[-73.93002297],[-101.67878292],
11,8,0.16,102.19347381591797,[-97.80249514],[9902.19750486],[-73.93002297],[-101.67878292],
11,9,0.18,103.36170196533203,[-95.85410577],[9904.14589423],[-73.93002297],[-101.67878292],
11,10,0.2,106.60520935058594,[-90.37452669],[9909.62547331],[-73.93002297],[-101.67878292],
11,11,0.22,100.9492416381836,[-100.25466261],[9899.74533739],[-73.93002297],[-101.67878292],
11,12,0.24,101.55133056640625,[-99.26746735],[9900.73253265],[-73.93002297],[-101.67878292],
11,13,0.26,103.29776763916016,[-96.38421541],[9903.61578459],[-73.93002297],[-101.67878292],
11,14,0.28,103.80729675292969,[-95.52422433],[9904.47577567],[-73.93002297],[-101.67878292],
11,15,0.3,105.09469604492188,[-93.35495992],[9906.64504008],[-73.93002297],[-101.67878292],
11,16,0.32,105.8237533569336,[-92.10075093],[9907.89924907],[-73.93002297],[-101.67878292],
11,17,0.34,112.21379089355469,[-81.0176499],[9918.9823501],[-73.93002297],[-101.67878292],
11,18,0.36,116.06621551513672,[-73.93002297],[9926.06997703],[-73.93002297],[-101.67878292],
11,19,0.38,115.56509399414062,[-73.93002297],[9926.06997703],[-73.93002297],[-101.67878292],
11,20,0.4,110.14187622070312,[-73.93002297],[9926.06997703],[-73.93002297],[-101.67878292],
11,21,0.42,109.98509979248047,[-73.93002297],[9926.06997703],[-73.93002297],[-101.67878292],
11,22,0.44,111.85173034667969,[-73.93002297],[9926.06997703],[-73.93002297],[-101.67878292],
11,23,0.46,110.4315414428711,[-73.93002297],[9926.06997703],[-73.93002297],[-101.67878292],
11,24,0.48,106.18547058105469,[-73.93002297],[9926.06997703],[-73.93002297],[-101.67878292],
11,25,0.5,102.54347229003906,[-73.93002297],[9926.06997703],[-73.93002297],[-101.67878292],
11,26,0.52,101.27197265625,[-73.93002297],[9926.06997703],[-73.93002297],[-101.67878292],
11,27,0.54,100.9449462890625,[-73.93002297],[9926.06997703],[-73.93002297],[-101.67878292],
11,28,0.56,103.81304168701172,[-73.93002297],[9926.06997703],[-73.93002297],[-101.67878292],
11,29,0.58,99.54420471191406,[-73.93002297],[9926.06997703],[-73.93002297],[-101.67878292],
11,30,0.6,101.82562255859375,[-73.93002297],[9926.06997703],[-73.93002297],[-101.67878292],
11,31,0.62,103.40726470947266,[-73.93002297],[9926.06997703],[-73.93002297],[-101.67878292],
11,32,0.64,102.35430908203125,[-73.93002297],[9926.06997703],[-73.93002297],[-101.67878292],
11,33,0.66,100.90902709960938,[-73.93002297],[9926.06997703],[-73.93002297],[-101.67878292],
11,34,0.68,97.80387115478516,[-73.93002297],[9926.06997703],[-73.93002297],[-101.67878292],
11,35,0.7000000000000001,92.69723510742188,[-73.93002297],[9926.06997703],[-73.93002297],[-101.67878292],
11,36,0.72,97.9081039428711,[-73.93002297],[9926.06997703],[-73.93002297],[-101.67878292],
11,37,0.74,96.28618621826172,[-73.93002297],[9926.06997703],[-73.93002297],[-101.67878292],
11,38,0.76,96.93090057373047,[-73.93002297],[9926.06997703],[-73.93002297],[-101.67878292],
11,39,0.78,97.83772277832031,[-73.93002297],[9926.06997703],[-73.93002297],[-101.67878292],
11,40,0.8,96.20052337646484,[-73.93002297],[9926.06997703],[-73.93002297],[-101.67878292],
11,41,0.8200000000000001,98.0917739868164,[-73.93002297],[9926.06997703],[-73.93002297],[-101.67878292],
11,42,0.84,96.26477813720703,[-73.93002297],[9926.06997703],[-73.93002297],[-101.67878292],
11,43,0.86,96.33737182617188,[-73.93002297],[9926.06997703],[-73.93002297],[-101.67878292],
11,44,0.88,95.79499816894531,[-73.93002297],[9926.06997703],[-73.93002297],[-101.67878292],
11,45,0.9,93.56175994873047,[-73.93002297],[9926.06997703],[-73.93002297],[-101.67878292],
11,46,0.92,95.71147155761719,[-73.93002297],[9926.06997703],[-73.93002297],[-101.67878292],
11,47,0.9400000000000001,95.38058471679688,[-73.93002297],[9926.06997703],[-73.93002297],[-101.67878292],
11,48,0.96,99.73993682861328,[-73.93002297],[9926.06997703],[-73.93002297],[-101.67878292],
11,49,0.98,97.22103881835938,[-73.93002297],[9926.06997703],[-73.93002297],[-101.67878292],
11,50,1.0,93.73734283447266,[-73.93002297],[9926.06997703],[-73.93002297],[-101.67878292],
12,0,0.0,100.0,[-86.38990479],[9913.61009521],[-77.17148198],[-91.6043341],
12,1,0.02,102.65191650390625,[-85.56238723],[9914.43761277],[-77.17148198],[-91.6043341],
12,2,0.04,97.68147277832031,[-91.6043341],[9908.3956659],[-77.17148198],[-91.6043341],
12,3,0.06,99.08209991455078,[-90.78294226],[9909.21705774],[-77.17148198],[-91.6043341],
12,4,0.08,100.15716552734375,[-89.96683458],[9910.03316542],[-77.17148198],[-91.6043341],
12,5,0.1,100.4317398071289,[-89.5180327],[9910.4819673],[-77.17148198],[-91.6043341],
12,6,0.12,104.25957489013672,[-83.26906428],[9916.73093572],[-77.17148198],[-91.6043341],
12,7,0.14,106.41769409179688,[-79.58455436],[9920.41544564],[-77.17148198],[-91.6043341],
12,8,0.16,105.28042602539062,[-81.56747987],[9918.43252013],[-77.17148198],[-91.6043341],
12,9,0.18,102.91313934326172,[-85.64952938],[9914.35047062],[-77.17148198],[-91.6043341],
12,10,0.2,102.12109375,[-86.98071064],[9913.01928936],[-77.17148198],[-91.6043341],
12,11,0.22,103.48754119873047,[-84.70616484],[9915.29383516],[-77.17148198],[-91.6043341],
12,12,0.24,102.89125061035156,[-85.71417525],[9914.28582475],[-77.17148198],[-91.6043341],
12,13,0.26,105.96920013427734,[-80.54837585],[9919.45162415],[-77.17148198],[-91.6043341],
12,14,0.28,103.40425109863281,[-85.00194182],[9914.99805818],[-77.17148198],[-91.6043341],
12,15,0.3,106.2937240600586,[-80.12623514],[9919.87376486],[-77.17148198],[-91.6043341],
12,16,0.32,107.98738098144531,[-77.17148198],[9922.82851802],[-77.17148198],[-91.6043341],
12,17,0.34,105.68949127197266,[-77.17148198],[9922.82851802],[-77.17148198],[-91.6043341],
12,18,0.36,101.26611328125,[-77.17148198],[9922.82851802],[-77.17148198],[-91.6043341],
12,19,0.38,101.56324768066406,[-77.17148198],[9922.82851802],[-77.17148198],[-91.6043341],
12,20,0.4,100.25663757324219,[-77.17148198],[9922.82851802],[-77.17148198],[-91.6043341],
12,21,0.42,97.92503356933594,[-77.17148198],[9922.82851802],[-77.17148198],[-91.6043341],
12,22,0.44,100.35709381103516,[-77.17148198],[9922.82851802],[-77.17148198],[-91.6043341],
12,23,0.46,103.81684112548828,[-77.17148198],[9922.82851802],[-77.17148198],[-91.6043341],
12,24,0.48,106.97187042236328,[-77.17148198],[9922.82851802],[-77.17148198],[-91.6043341],
12,25,0.5,106.07731628417969,[-77.17148198],[9922.82851802],[-77.17148198],[-91.6043341],
12,26,0.52,103.9463882446289,[-77.17148198],[9922.82851802],[-77.17148198],[-91.6043341],
12,27,0.54,103.05073547363281,[-77.17148198],[9922.82851802],[-77.17148198],[-91.6043341],
12,28,0.56,101.65046691894531,[-77.17148198],[9922.82851802],[-77.17148198],[-91.6043341],
12,29,0.58,96.09459686279297,[-77.17148198],[9922.82851802],[-77.17148198],[-91.6043341],
12,30,0.6,93.68241882324219,[-77.17148198],[9922.82851802],[-77.17148198],[-91.6043341],
12,31,0.62,92.27249908447266,[-77.17148198],[9922.82851802],[-77.17148198],[-91.6043341],
12,32,0.64,88.1853256225586,[-77.17148198],[9922.82851802],[-77.17148198],[-91.6043341],
12,33,0.66,90.26817321777344,[-77.17148198],[9922.82851802],[-77.17148198],[-91.6043341],
12,34,0.68,89.00548553466797,[-77.17148198],[9922.82851802],[-77.17148198],[-91.6043341],
12,35,0.7000000000000001,86.59413146972656,[-77.17148198],[9922.82851802],[-77.17148198],[-91.6043341],
12,36,0.72,83.1401138305664,[-77.17148198],[9922.82851802],[-77.17148198],[-91.6043341],
12,37,0.74,82.32808685302734,[-77.17148198],[9922.82851802],[-77.17148198],[-91.6043341],
12,38,0.76,82.60206604003906,[-77.17148198],[9922.82851802],[-77.17148198],[-91.6043341],
12,39,0.78,85.60482788085938,[-77.17148198],[9922.82851802],[-77.17148198],[-91.6043341],
12,40,0.8,87.0693359375,[-77.17148198],[9922.82851802],[-77.17148198],[-91.6043341],
12,41,0.8200000000000001,87.19664001464844,[-77.17148198],[9922.82851802],[-77.17148198],[-91.6043341],
12,42,0.84,83.90934753417969,[-77.17148198],[9922.82851802],[-77.17148198],[-91.6043341],
12,43,0.86,82.32868194580078,[-77.17148198],[9922.82851802],[-77.17148198],[-91.6043341],
12,44,0.88,87.25723266601562,[-77.17148198],[9922.82851802],[-77.17148198],[-91.6043341],
12,45,0.9,85.23499298095703,[-77.17148198],[9922.82851802],[-77.17148198],[-91.6043341],
12,46,0.92,86.5269775390625,[-77.17148198],[9922.82851802],[-77.17148198],[-91.6043341],
12,47,0.9400000000000001,87.58348846435547,[-77.17148198],[9922.82851802],[-77.17148198],[-91.6043341],
12,48,0.96,86.09818267822266,[-77.17148198],[9922.82851802],[-77.17148198],[-91.6043341],
12,49,0.98,85.6851577758789,[-77.17148198],[9922.82851802],[-77.17148198],[-91.6043341],
12,50,1.0,83.53152465820312,[-77.17148198],[9922.82851802],[-77.17148198],[-91.6043341],
13,0,0.0,100.0,[-90.00905151],[9909.99094849],[-72.68004875],[-96.97552667],
13,1,0.02,101.1331787109375,[-89.72833168],[9910.27166832],[-72.68004875],[-96.97552667],
13,2,0.04,100.03882598876953,[-91.53913806],[9908.46086194],[-72.68004875],[-96.97552667],
13,3,0.06,101.23019409179688,[-89.59351264],[9910.40648736],[-72.68004875],[-96.97552667],
13,4,0.08,101.8452377319336,[-88.57588069],[9911.42411931],[-72.68004875],[-96.97552667],
13,5,0.1,101.4423828125,[-89.2473486],[9910.7526514],[-72.68004875],[-96.97552667],
13,6,0.12,100.86012268066406,[-90.21572793],[9909.78427207],[-72.68004875],[-96.97552667],
13,7,0.14,100.5355224609375,[-90.74995158],[9909.25004842],[-72.68004875],[-96.97552667],
13,8,0.16,99.7982177734375,[-91.7592065],[9908.2407935],[-72.68004875],[-96.97552667],
13,9,0.18,102.60899353027344,[-87.40862926],[9912.59137074],[-72.68004875],[-96.97552667],
13,10,0.2,104.6261215209961,[-84.02993831],[9915.97006169],[-72.68004875],[-96.97552667],
13,11,0.22,102.60664367675781,[-87.48784572],[9912.51215428],[-72.68004875],[-96.97552667],
13,12,0.24,97.47148895263672,[-93.55165785],[9906.44834215],[-72.68004875],[-96.97552667],
13,13,0.26,95.80005645751953,[-94.48840142],[9905.51159858],[-72.68004875],[-96.97552667],
13,14,0.28,102.39677429199219,[-88.67246766],[9911.32753234],[-72.68004875],[-96.97552667],
13,15,0.3,100.12788391113281,[-92.45367369],[9907.54632631],[-72.68004875],[-96.97552667],
13,16,0.32,99.4562759399414,[-92.99495768],[9907.00504232],[-72.68004875],[-96.97552667],
13,17,0.34,97.175537109375,[-94.3597281],[9905.6402719],[-72.68004875],[-96.97552667],
13,18,0.36,93.50862121582031,[-96.34167171],[9903.65832829],[-72.68004875],[-96.97552667],
13,19,0.38,93.25584411621094,[-96.45299937],[9903.54700063],[-72.68004875],[-96.97552667],
13,20,0.4,92.04215240478516,[-96.97552667],[9903.02447333],[-72.68004875],[-96.97552667],
13,21,0.42,92.95848846435547,[-96.61466507],[9903.38533493],[-72.68004875],[-96.97552667],
13,22,0.44,93.6611328125,[-96.32391828],[9903.67608172],[-72.68004875],[-96.97552667],
13,23,0.46,94.29637145996094,[-96.05181644],[9903.94818356],[-72.68004875],[-96.97552667],
13,24,0.48,97.59691619873047,[-94.59718741],[9905.40281259],[-72.68004875],[-96.97552667],
13,25,0.5,96.57875061035156,[-95.1370698],[9904.8629302],[-72.68004875],[-96.97552667],
13,26,0.52,96.55874633789062,[-95.14708258],[9904.85291742],[-72.68004875],[-96.97552667],
13,27,0.54,97.46441650390625,[-94.69558133],[9905.30441867],[-72.68004875],[-96.97552667],
13,28,0.56,96.31289672851562,[-95.28959953],[9904.71040047],[-72.68004875],[-96.97552667],
13,29,0.58,94.72196197509766,[-96.0474355],[9903.9525645],[-72.68004875],[-96.97552667],
13,30,0.6,97.88214111328125,[-94.71680537],[9905.28319463],[-72.68004875],[-96.97552667],
13,31,0.62,97.05348205566406,[-95.14530423],[9904.85469577],[-72.68004875],[-96.97552667],
13,32,0.64,101.3792724609375,[-91.66340433],[9908.33659567],[-72.68004875],[-96.97552667],
13,33,0.66,101.82984161376953,[-90.93164523],[9909.06835477],[-72.68004875],[-96.97552667],
13,34,0.68,100.36408996582031,[-93.33112874],[9906.66887126],[-72.68004875],[-96.97552667],
13,35,0.7000000000000001,105.1889877319336,[-85.67074544],[9914.32925456],[-72.68004875],[-96.97552667],
13,36,0.72,110.72541809082031,[-76.03369107],[9923.96630893],[-72.68004875],[-96.97552667],
13,37,0.74,109.73928833007812,[-77.8808275],[9922.1191725],[-72.68004875],[-96.97552667],
13,38,0.76,111.25593566894531,[-75.06047469],[9924.93952531],[-72.68004875],[-96.97552667],
13,39,0.78,112.51131439208984,[-72.68004875],[9927.31995125],[-72.68004875],[-96.97552667],
13,40,0.8,107.24949645996094,[-72.68004875],[9927.31995125],[-72.68004875],[-96.97552667],
13,41,0.8200000000000001,107.89521026611328,[-72.68004875],[9927.31995125],[-72.68004875],[-96.97552667],
13,42,0.84,105.68143463134766,[-72.68004875],[9927.31995125],[-72.68004875],[-96.97552667],
13,43,0.86,99.14189910888672,[-72.68004875],[9927.31995125],[-72.68004875],[-96.97552667],
13,44,0.88,103.64897155761719,[-72.68004875],[9927.31995125],[-72.68004875],[-96.97552667],
13,45,0.9,106.23457336425781,[-72.68004875],[9927.31995125],[-72.68004875],[-96.97552667],
13,46,0.92,104.00664520263672,[-72.68004875],[9927.31995125],[-72.68004875],[-96.97552667],
13,47,0.9400000000000001,97.8552017211914,[-72.68004875],[9927.31995125],[-72.68004875],[-96.97552667],
13,48,0.96,95.90433502197266,[-72.68004875],[9927.31995125],[-72.68004875],[-96.97552667],
13,49,0.98,95.48076629638672,[-72.68004875],[9927.31995125],[-72.68004875],[-96.97552667],
13,50,1.0,96.76839447021484,[-72.68004875],[9927.31995125],[-72.68004875],[-96.97552667],
14,0,0.0,100.0,[-91.93800659],[9908.06199341],[-65.29241376],[-92.5819268],
14,1,0.02,98.24481201171875,[-90.94190156],[9909.05809844],[-65.29241376],[-92.5819268],
14,2,0.04,95.50867462158203,[-92.5819268],[9907.4180732],[-65.29241376],[-92.5819268],
14,3,0.06,103.26048278808594,[-85.12637557],[9914.87362443],[-65.29241376],[-92.5819268],
14,4,0.08,100.32098388671875,[-90.09783104],[9909.90216896],[-65.29241376],[-92.5819268],
14,5,0.1,102.5162124633789,[-86.50678689],[9913.49321311],[-65.29241376],[-92.5819268],
14,6,0.12,103.39391326904297,[-85.03530625],[9914.96469375],[-65.29241376],[-92.5819268],
14,7,0.14,104.60425567626953,[-82.98761553],[9917.01238447],[-65.29241376],[-92.5819268],
14,8,0.16,102.52945709228516,[-86.54139614],[9913.45860386],[-65.29241376],[-92.5819268],
14,9,0.18,104.88397979736328,[-82.59928378],[9917.40071622],[-65.29241376],[-92.5819268],
14,10,0.2,101.02947998046875,[-89.21808906],[9910.78191094],[-65.29241376],[-92.5819268],
14,11,0.22,102.51543426513672,[-86.77753942],[9913.22246058],[-65.29241376],[-92.5819268],
14,12,0.24,105.99848175048828,[-80.95535983],[9919.04464017],[-65.29241376],[-92.5819268],
14,13,0.26,104.4228286743164,[-83.69187281],[9916.30812719],[-65.29241376],[-92.5819268],
14,14,0.28,103.97976684570312,[-84.44939412],[9915.55060588],[-65.29241376],[-92.5819268],
14,15,0.3,104.77776336669922,[-83.08502615],[9916.91497385],[-65.29241376],[-92.5819268],
14,16,0.32,106.59902954101562,[-79.97547714],[9920.02452286],[-65.29241376],[-92.5819268],
14,17,0.34,108.3348159790039,[-76.94031715],[9923.05968285],[-65.29241376],[-92.5819268],
14,18,0.36,104.67520141601562,[-83.45264636],[9916.54735364],[-65.29241376],[-92.5819268],
14,19,0.38,108.0200424194336,[-77.72595455],[9922.27404545],[-65.29241376],[-92.5819268],
14,20,0.4,108.41175079345703,[-77.02949524],[9922.97050476],[-65.29241376],[-92.5819268],
14,21,0.42,107.2876205444336,[-79.02700284],[9920.97299716],[-65.29241376],[-92.5819268],
14,22,0.44,111.06332397460938,[-72.3633234],[9927.6366766],[-65.29241376],[-92.5819268],
14,23,0.46,110.30968475341797,[-73.7441631],[9926.2558369],[-65.29241376],[-92.5819268],
14,24,0.48,114.9225082397461,[-65.29241376],[9934.70758624],[-65.29241376],[-92.5819268],
14,25,0.5,112.12759399414062,[-65.29241376],[9934.70758624],[-65.29241376],[-92.5819268],
14,26,0.52,112.42756652832031,[-65.29241376],[9934.70758624],[-65.29241376],[-92.5819268],
14,27,0.54,112.92935943603516,[-65.29241376],[9934.70758624],[-65.29241376],[-92.5819268],
14,28,0.56,114.71455383300781,[-65.29241376],[9934.70758624],[-65.29241376],[-92.5819268],
14,29,0.58,114.05885314941406,[-65.29241376],[9934.70758624],[-65.29241376],[-92.5819268],
14,30,0.6,110.07959747314453,[-65.29241376],[9934.70758624],[-65.29241376],[-92.5819268],
14,31,0.62,108.28578186035156,[-65.29241376],[9934.70758624],[-65.29241376],[-92.5819268],
14,32,0.64,108.50283813476562,[-65.29241376],[9934.70758624],[-65.29241376],[-92.5819268],
14,33,0.66,106.81896209716797,[-65.29241376],[9934.70758624],[-65.29241376],[-92.5819268],
14,34,0.68,106.85670471191406,[-65.29241376],[9934.70758624],[-65.29241376],[-92.5819268],
14,35,0.7000000000000001,109.07362365722656,[-65.29241376],[9934.70758624],[-65.29241376],[-92.5819268],
14,36,0.72,105.33070373535156,[-65.29241376],[9934.70758624],[-65.29241376],[-92.5819268],
14,37,0.74,104.18402862548828,[-65.29241376],[9934.70758624],[-65.29241376],[-92.5819268],
14,38,0.76,102.95795440673828,[-65.29241376],[9934.70758624],[-65.29241376],[-92.5819268],
14,39,0.78,100.3226318359375,[-65.29241376],[9934.70758624],[-65.29241376],[-92.5819268],
14,40,0.8,104.20409393310547,[-65.29241376],[9934.70758624],[-65.29241376],[-92.5819268],
14,41,0.8200000000000001,100.58602905273438,[-65.29241376],[9934.70758624],[-65.29241376],[-92.5819268],
14,42,0.84,97.71453094482422,[-65.29241376],[9934.70758624],[-65.29241376],[-92.5819268],
14,43,0.86,94.73085021972656,[-65.29241376],[9934.70758624],[-65.29241376],[-92.5819268],
14,44,0.88,95.48406982421875,[-65.29241376],[9934.70758624],[-65.29241376],[-92.5819268],
14,45,0.9,99.03921508789062,[-65.29241376],[9934.70758624],[-65.29241376],[-92.5819268],
14,46,0.92,104.17194366455078,[-65.29241376],[9934.70758624],[-65.29241376],[-92.5819268],
14,47,0.9400000000000001,108.8075180053711,[-65.29241376],[9934.70758624],[-65.29241376],[-92.5819268],
14,48,0.96,109.79094696044922,[-65.29241376],[9934.70758624],[-65.29241376],[-92.5819268],
14,49,0.98,106.2300796508789,[-65.29241376],[9934.70758624],[-65.29241376],[-92.5819268],
14,50,1.0,113.47093200683594,[-65.29241376],[9934.70758624],[-65.29241376],[-92.5819268],
15,0,0.0,100.0,[-102.46462402],[9897.53537598],[-53.02970678],[-104.02153615],
15,1,0.02,100.31494903564453,[-102.47847587],[9897.52152413],[-53.02970678],[-104.02153615],
15,2,0.04,98.39444732666016,[-104.02153615],[9895.97846385],[-53.02970678],[-104.02153615],
15,3,0.06,104.83137512207031,[-95.32294361],[9904.67705639],[-53.02970678],[-104.02153615],
15,4,0.08,105.8843765258789,[-93.51363778],[9906.48636222],[-53.02970678],[-104.02153615],
15,5,0.1,112.52434539794922,[-81.99125755],[9918.00874245],[-53.02970678],[-104.02153615],
15,6,0.12,114.45166015625,[-78.46697266],[9921.53302734],[-53.02970678],[-104.02153615],
15,7,0.14,115.673828125,[-76.20434031],[9923.79565969],[-53.02970678],[-104.02153615],
15,8,0.16,119.222900390625,[-69.58425508],[9930.41574492],[-53.02970678],[-104.02153615],
15,9,0.18,119.33267211914062,[-69.37571905],[9930.62428095],[-53.02970678],[-104.02153615],
15,10,0.2,117.81671905517578,[-72.25561201],[9927.74438799],[-53.02970678],[-104.02153615],
15,11,0.22,117.02047729492188,[-73.76649705],[9926.23350295],[-53.02970678],[-104.02153615],
15,12,0.24,123.88604736328125,[-60.83329142],[9939.16670858],[-53.02970678],[-104.02153615],
15,13,0.26,121.74970245361328,[-64.97090122],[9935.02909878],[-53.02970678],[-104.02153615],
15,14,0.28,120.75965118408203,[-66.87750516],[9933.12249484],[-53.02970678],[-104.02153615],
15,15,0.3,124.15483093261719,[-60.34141004],[9939.65858996],[-53.02970678],[-104.02153615],
15,16,0.32,117.33262634277344,[-73.59550493],[9926.40449507],[-53.02970678],[-104.02153615],
15,17,0.34,117.4455795288086,[-73.38137178],[9926.61862822],[-53.02970678],[-104.02153615],
15,18,0.36,124.53746795654297,[-59.94362772],[9940.05637228],[-53.02970678],[-104.02153615],
15,19,0.38,127.82474517822266,[-53.53325221],[9946.46674779],[-53.02970678],[-104.02153615],
15,20,0.4,125.63389587402344,[-57.84201004],[9942.15798996],[-53.02970678],[-104.02153615],
15,21,0.42,125.0508041381836,[-58.98878041],[9941.01121959],[-53.02970678],[-104.02153615],
15,22,0.44,128.08078002929688,[-53.02970678],[9946.97029322],[-53.02970678],[-104.02153615],
15,23,0.46,125.14736938476562,[-53.02970678],[9946.97029322],[-53.02970678],[-104.02153615],
15,24,0.48,119.26702117919922,[-53.02970678],[9946.97029322],[-53.02970678],[-104.02153615],
15,25,0.5,116.62773132324219,[-53.02970678],[9946.97029322],[-53.02970678],[-104.02153615],
15,26,0.52,113.64341735839844,[-53.02970678],[9946.97029322],[-53.02970678],[-104.02153615],
15,27,0.54,116.9337387084961,[-53.02970678],[9946.97029322],[-53.02970678],[-104.02153615],
15,28,0.56,114.11961364746094,[-53.02970678],[9946.97029322],[-53.02970678],[-104.02153615],
15,29,0.58,111.73053741455078,[-53.02970678],[9946.97029322],[-53.02970678],[-104.02153615],
15,30,0.6,112.57498168945312,[-53.02970678],[9946.97029322],[-53.02970678],[-104.02153615],
15,31,0.62,111.14177703857422,[-53.02970678],[9946.97029322],[-53.02970678],[-104.02153615],
15,32,0.64,111.15534210205078,[-53.02970678],[9946.97029322],[-53.02970678],[-104.02153615],
15,33,0.66,112.74153900146484,[-53.02970678],[9946.97029322],[-53.02970678],[-104.02153615],
15,34,0.68,116.17034912109375,[-53.02970678],[9946.97029322],[-53.02970678],[-104.02153615],
15,35,0.7000000000000001,117.49830627441406,[-53.02970678],[9946.97029322],[-53.02970678],[-104.02153615],
15,36,0.72,113.26569366455078,[-53.02970678],[9946.97029322],[-53.02970678],[-104.02153615],
15,37,0.74,111.82384490966797,[-53.02970678],[9946.97029322],[-53.02970678],[-104.02153615],
15,38,0.76,109.7291488647461,[-53.02970678],[9946.97029322],[-53.02970678],[-104.02153615],
15,39,0.78,110.89757537841797,[-53.02970678],[9946.97029322],[-53.02970678],[-104.02153615],
15,40,0.8,110.52938842773438,[-53.02970678],[9946.97029322],[-53.02970678],[-104.02153615],
15,41,0.8200000000000001,112.9480209350586,[-53.02970678],[9946.97029322],[-53.02970678],[-104.02153615],
15,42,0.84,115.93437194824219,[-53.02970678],[9946.97029322],[-53.02970678],[-104.02153615],
15,43,0.86,115.94308471679688,[-53.02970678],[9946.97029322],[-53.02970678],[-104.02153615],
15,44,0.88,113.26458740234375,[-53.02970678],[9946.97029322],[-53.02970678],[-104.02153615],
15,45,0.9,107.99442291259766,[-53.02970678],[9946.97029322],[-53.02970678],[-104.02153615],
15,46,0.92,110.18526458740234,[-53.02970678],[9946.97029322],[-53.02970678],[-104.02153615],
15,47,0.9400000000000001,108.19915771484375,[-53.02970678],[9946.97029322],[-53.02970678],[-104.02153615],
15,48,0.96,112.63965606689453,[-53.02970678],[9946.97029322],[-53.02970678],[-104.02153615],
15,49,0.98,115.20745849609375,[-53.02970678],[9946.97029322],[-53.02970678],[-104.02153615],
15,50,1.0,109.19698333740234,[-53.02970678],[9946.97029322],[-53.02970678],[-104.02153615],
16,0,0.0,100.0,[-81.89089966],[9918.10910034],[-78.7657215],[-87.21911613],
16,1,0.02,99.71846771240234,[-81.83795234],[9918.16204766],[-78.7657215],[-87.21911613],
16,2,0.04,97.04693603515625,[-83.51609023],[9916.48390977],[-78.7657215],[-87.21911613],
16,3,0.06,91.89751434326172,[-86.46825525],[9913.53174475],[-78.7657215],[-87.21911613],
16,4,0.08,91.19126892089844,[-86.79250052],[9913.20749948],[-78.7657215],[-87.21911613],
16,5,0.1,91.26496887207031,[-86.75989822],[9913.24010178],[-78.7657215],[-87.21911613],
16,6,0.12,90.22085571289062,[-87.21911613],[9912.78088387],[-78.7657215],[-87.21911613],
16,7,0.14,91.71092224121094,[-86.60673437],[9913.39326563],[-78.7657215],[-87.21911613],
16,8,0.16,93.07906341552734,[-86.00252289],[9913.99747711],[-78.7657215],[-87.21911613],
16,9,0.18,94.7398452758789,[-85.22216055],[9914.77783945],[-78.7657215],[-87.21911613],
16,10,0.2,97.31021881103516,[-83.92341309],[9916.07658691],[-78.7657215],[-87.21911613],
16,11,0.22,99.47626495361328,[-82.70678006],[9917.29321994],[-78.7657215],[-87.21911613],
16,12,0.24,100.2679672241211,[-81.95742619],[9918.04257381],[-78.7657215],[-87.21911613],
16,13,0.26,98.06768798828125,[-83.59706877],[9916.40293123],[-78.7657215],[-87.21911613],
16,14,0.28,97.93757629394531,[-83.67180907],[9916.32819093],[-78.7657215],[-87.21911613],
16,15,0.3,102.3636245727539,[-78.7657215],[9921.2342785],[-78.7657215],[-87.21911613],
16,16,0.32,100.69808959960938,[-78.7657215],[9921.2342785],[-78.7657215],[-87.21911613],
16,17,0.34,96.81375122070312,[-78.7657215],[9921.2342785],[-78.7657215],[-87.21911613],
16,18,0.36,96.8028335571289,[-78.7657215],[9921.2342785],[-78.7657215],[-87.21911613],
16,19,0.38,99.02609252929688,[-78.7657215],[9921.2342785],[-78.7657215],[-87.21911613],
16,20,0.4,100.93981170654297,[-78.7657215],[9921.2342785],[-78.7657215],[-87.21911613],
16,21,0.42,96.84368133544922,[-78.7657215],[9921.2342785],[-78.7657215],[-87.21911613],
16,22,0.44,94.2261734008789,[-78.7657215],[9921.2342785],[-78.7657215],[-87.21911613],
16,23,0.46,93.26101684570312,[-78.7657215],[9921.2342785],[-78.7657215],[-87.21911613],
16,24,0.48,92.51046752929688,[-78.7657215],[9921.2342785],[-78.7657215],[-87.21911613],
16,25,0.5,89.5989990234375,[-78.7657215],[9921.2342785],[-78.7657215],[-87.21911613],
16,26,0.52,85.77944946289062,[-78.7657215],[9921.2342785],[-78.7657215],[-87.21911613],
16,27,0.54,84.01119995117188,[-78.7657215],[9921.2342785],[-78.7657215],[-87.21911613],
16,28,0.56,85.23623657226562,[-78.7657215],[9921.2342785],[-78.7657215],[-87.21911613],
16,29,0.58,87.28507995605469,[-78.7657215],[9921.2342785],[-78.7657215],[-87.21911613],
16,30,0.6,86.95923614501953,[-78.7657215],[9921.2342785],[-78.7657215],[-87.21911613],
16,31,0.62,87.00282287597656,[-78.7657215],[9921.2342785],[-78.7657215],[-87.21911613],
16,32,0.64,83.23230743408203,[-78.7657215],[9921.2342785],[-78.7657215],[-87.21911613],
16,33,0.66,80.9089126586914,[-78.7657215],[9921.2342785],[-78.7657215],[-87.21911613],
16,34,0.68,83.08173370361328,[-78.7657215],[9921.2342785],[-78.7657215],[-87.21911613],
16,35,0.7000000000000001,84.67449188232422,[-78.7657215],[9921.2342785],[-78.7657215],[-87.21911613],
16,36,0.72,86.38446044921875,[-78.7657215],[9921.2342785],[-78.7657215],[-87.21911613],
16,37,0.74,84.2476806640625,[-78.7657215],[9921.2342785],[-78.7657215],[-87.21911613],
16,38,0.76,84.05232238769531,[-78.7657215],[9921.2342785],[-78.7657215],[-87.21911613],
16,39,0.78,85.26016235351562,[-78.7657215],[9921.2342785],[-78.7657215],[-87.21911613],
16,40,0.8,83.62327575683594,[-78.7657215],[9921.2342785],[-78.7657215],[-87.21911613],
16,41,0.8200000000000001,83.45256805419922,[-78.7657215],[9921.2342785],[-78.7657215],[-87.21911613],
16,42,0.84,81.66191864013672,[-78.7657215],[9921.2342785],[-78.7657215],[-87.21911613],
16,43,0.86,81.2571792602539,[-78.7657215],[9921.2342785],[-78.7657215],[-87.21911613],
16,44,0.88,76.36652374267578,[-78.7657215],[9921.2342785],[-78.7657215],[-87.21911613],
16,45,0.9,74.5280532836914,[-78.7657215],[9921.2342785],[-78.7657215],[-87.21911613],
16,46,0.92,72.44108581542969,[-78.7657215],[9921.2342785],[-78.7657215],[-87.21911613],
16,47,0.9400000000000001,73.19129943847656,[-78.7657215],[9921.2342785],[-78.7657215],[-87.21911613],
16,48,0.96,71.29426574707031,[-78.7657215],[9921.2342785],[-78.7657215],[-87.21911613],
16,49,0.98,75.94355773925781,[-78.7657215],[9921.2342785],[-78.7657215],[-87.21911613],
16,50,1.0,74.1834716796875,[-78.7657215],[9921.2342785],[-78.7657215],[-87.21911613],
17,0,0.0,100.0,[-80.02387695],[9919.97612305],[-80.20219886],[-82.6106009],
17,1,0.02,99.71711730957031,[-79.97006537],[9920.02993463],[-80.20219886],[-82.6106009],
17,2,0.04,99.90628814697266,[-79.85086482],[9920.14913518],[-80.20219886],[-82.6106009],
17,3,0.06,99.99677276611328,[-79.79384854],[9920.20615146],[-80.20219886],[-82.6106009],
17,4,0.08,96.42852020263672,[-82.03533414],[9917.96466586],[-80.20219886],[-82.6106009],
17,5,0.1,100.01824951171875,[-80.02093181],[9919.97906819],[-80.20219886],[-82.6106009],
17,6,0.12,99.08443450927734,[-80.62586413],[9919.37413587],[-80.20219886],[-82.6106009],
17,7,0.14,99.5967788696289,[-80.31333693],[9919.68666307],[-80.20219886],[-82.6106009],
17,8,0.16,97.90486907958984,[-81.34258495],[9918.65741505],[-80.20219886],[-82.6106009],
17,9,0.18,95.71513366699219,[-82.6106009],[9917.3893991],[-80.20219886],[-82.6106009],
17,10,0.2,97.45537567138672,[-81.69199064],[9918.30800936],[-80.20219886],[-82.6106009],
17,11,0.22,100.02984619140625,[-80.20219886],[9919.79780114],[-80.20219886],[-82.6106009],
17,12,0.24,98.79754638671875,[-80.20219886],[9919.79780114],[-80.20219886],[-82.6106009],
17,13,0.26,99.55252838134766,[-80.20219886],[9919.79780114],[-80.20219886],[-82.6106009],
17,14,0.28,97.06375885009766,[-80.20219886],[9919.79780114],[-80.20219886],[-82.6106009],
17,15,0.3,98.05866241455078,[-80.20219886],[9919.79780114],[-80.20219886],[-82.6106009],
17,16,0.32,90.78911590576172,[-80.20219886],[9919.79780114],[-80.20219886],[-82.6106009],
17,17,0.34,88.25439453125,[-80.20219886],[9919.79780114],[-80.20219886],[-82.6106009],
17,18,0.36,89.0331039428711,[-80.20219886],[9919.79780114],[-80.20219886],[-82.6106009],
17,19,0.38,89.79117584228516,[-80.20219886],[9919.79780114],[-80.20219886],[-82.6106009],
17,20,0.4,89.3913345336914,[-80.20219886],[9919.79780114],[-80.20219886],[-82.6106009],
17,21,0.42,90.5379867553711,[-80.20219886],[9919.79780114],[-80.20219886],[-82.6106009],
17,22,0.44,89.2350082397461,[-80.20219886],[9919.79780114],[-80.20219886],[-82.6106009],
17,23,0.46,91.17936706542969,[-80.20219886],[9919.79780114],[-80.20219886],[-82.6106009],
17,24,0.48,89.91232299804688,[-80.20219886],[9919.79780114],[-80.20219886],[-82.6106009],
17,25,0.5,83.90635681152344,[-80.20219886],[9919.79780114],[-80.20219886],[-82.6106009],
17,26,0.52,84.33314514160156,[-80.20219886],[9919.79780114],[-80.20219886],[-82.6106009],
17,27,0.54,83.04559326171875,[-80.20219886],[9919.79780114],[-80.20219886],[-82.6106009],
17,28,0.56,82.3020248413086,[-80.20219886],[9919.79780114],[-80.20219886],[-82.6106009],
17,29,0.58,81.76314544677734,[-80.20219886],[9919.79780114],[-80.20219886],[-82.6106009],
17,30,0.6,87.3093032836914,[-80.20219886],[9919.79780114],[-80.20219886],[-82.6106009],
17,31,0.62,84.87566375732422,[-80.20219886],[9919.79780114],[-80.20219886],[-82.6106009],
17,32,0.64,87.05320739746094,[-80.20219886],[9919.79780114],[-80.20219886],[-82.6106009],
17,33,0.66,87.43046569824219,[-80.20219886],[9919.79780114],[-80.20219886],[-82.6106009],
17,34,0.68,87.90812683105469,[-80.20219886],[9919.79780114],[-80.20219886],[-82.6106009],
17,35,0.7000000000000001,87.68134307861328,[-80.20219886],[9919.79780114],[-80.20219886],[-82.6106009],
17,36,0.72,83.57608032226562,[-80.20219886],[9919.79780114],[-80.20219886],[-82.6106009],
17,37,0.74,82.46495056152344,[-80.20219886],[9919.79780114],[-80.20219886],[-82.6106009],
17,38,0.76,84.34210968017578,[-80.20219886],[9919.79780114],[-80.20219886],[-82.6106009],
17,39,0.78,84.65068054199219,[-80.20219886],[9919.79780114],[-80.20219886],[-82.6106009],
17,40,0.8,86.17695617675781,[-80.20219886],[9919.79780114],[-80.20219886],[-82.6106009],
17,41,0.8200000000000001,82.88790893554688,[-80.20219886],[9919.79780114],[-80.20219886],[-82.6106009],
17,42,0.84,83.55545043945312,[-80.20219886],[9919.79780114],[-80.20219886],[-82.6106009],
17,43,0.86,84.49819946289062,[-80.20219886],[9919.79780114],[-80.20219886],[-82.6106009],
17,44,0.88,86.3919906616211,[-80.20219886],[9919.79780114],[-80.20219886],[-82.6106009],
17,45,0.9,88.14948272705078,[-80.20219886],[9919.79780114],[-80.20219886],[-82.6106009],
17,46,0.92,88.72055053710938,[-80.20219886],[9919.79780114],[-80.20219886],[-82.6106009],
17,47,0.9400000000000001,91.03373718261719,[-80.20219886],[9919.79780114],[-80.20219886],[-82.6106009],
17,48,0.96,91.74320983886719,[-80.20219886],[9919.79780114],[-80.20219886],[-82.6106009],
17,49,0.98,92.81574249267578,[-80.20219886],[9919.79780114],[-80.20219886],[-82.6106009],
17,50,1.0,93.84441375732422,[-80.20219886],[9919.79780114],[-80.20219886],[-82.6106009],
18,0,0.0,100.0,[-80.],[9920.],[-62.94311544],[-80.],
18,1,0.02,98.3913803100586,[-78.97558168],[9921.02441832],[-62.94311544],[-80.],
18,2,0.04,99.13990783691406,[-79.45226695],[9920.54773305],[-62.94311544],[-80.],
18,3,0.06,93.29747009277344,[-75.73162351],[9924.26837649],[-62.94311544],[-80.],
18,4,0.08,92.37417602539062,[-75.14364155],[9924.85635845],[-62.94311544],[-80.],
18,5,0.1,94.88517761230469,[-76.74272433],[9923.25727567],[-62.94311544],[-80.],
18,6,0.12,93.06130981445312,[-75.58122941],[9924.41877059],[-62.94311544],[-80.],
18,7,0.14,94.10647583007812,[-76.24682317],[9923.75317683],[-62.94311544],[-80.],
18,8,0.16,90.73054504394531,[-74.09692696],[9925.90307304],[-62.94311544],[-80.],
18,9,0.18,93.24229431152344,[-75.69648589],[9924.30351411],[-62.94311544],[-80.],
18,10,0.2,97.43717193603516,[-78.36791254],[9921.63208746],[-62.94311544],[-80.],
18,11,0.22,95.99812316894531,[-77.45148217],[9922.54851783],[-62.94311544],[-80.],
18,12,0.24,91.13246154785156,[-74.35287971],[9925.64712029],[-62.94311544],[-80.],
18,13,0.26,87.43022155761719,[-71.99517981],[9928.00482019],[-62.94311544],[-80.],
18,14,0.28,85.76901245117188,[-70.93727093],[9929.06272907],[-62.94311544],[-80.],
18,15,0.3,85.8655014038086,[-70.99871805],[9929.00128195],[-62.94311544],[-80.],
18,16,0.32,88.35916900634766,[-72.58676202],[9927.41323798],[-62.94311544],[-80.],
18,17,0.34,87.876708984375,[-72.27951669],[9927.72048331],[-62.94311544],[-80.],
18,18,0.36,88.12733459472656,[-72.43912276],[9927.56087724],[-62.94311544],[-80.],
18,19,0.38,86.219482421875,[-71.22414402],[9928.77585598],[-62.94311544],[-80.],
18,20,0.4,87.84524536132812,[-72.25947969],[9927.74052031],[-62.94311544],[-80.],
18,21,0.42,89.55107116699219,[-73.34580185],[9926.65419815],[-62.94311544],[-80.],
18,22,0.44,91.19454956054688,[-74.39241926],[9925.60758074],[-62.94311544],[-80.],
18,23,0.46,92.70023345947266,[-75.35128492],[9924.64871508],[-62.94311544],[-80.],
18,24,0.48,92.34403991699219,[-75.12444995],[9924.87555005],[-62.94311544],[-80.],
18,25,0.5,91.01959228515625,[-74.28100111],[9925.71899889],[-62.94311544],[-80.],
18,26,0.52,87.56510925292969,[-72.08108043],[9927.91891957],[-62.94311544],[-80.],
18,27,0.54,84.16211700439453,[-69.91395066],[9930.08604934],[-62.94311544],[-80.],
18,28,0.56,87.11480712890625,[-71.79431423],[9928.20568577],[-62.94311544],[-80.],
18,29,0.58,85.20117950439453,[-70.57565751],[9929.42434249],[-62.94311544],[-80.],
18,30,0.6,84.96797943115234,[-70.42714855],[9929.57285145],[-62.94311544],[-80.],
18,31,0.62,81.65355682373047,[-68.31642265],[9931.68357735],[-62.94311544],[-80.],
18,32,0.64,82.47820281982422,[-68.84158249],[9931.15841751],[-62.94311544],[-80.],
18,33,0.66,81.04312133789062,[-67.92767862],[9932.07232138],[-62.94311544],[-80.],
18,34,0.68,80.90873718261719,[-67.84209867],[9932.15790133],[-62.94311544],[-80.],
18,35,0.7000000000000001,79.88011169433594,[-67.18703843],[9932.81296157],[-62.94311544],[-80.],
18,36,0.72,78.26428985595703,[-66.15803356],[9933.84196644],[-62.94311544],[-80.],
18,37,0.74,76.28516387939453,[-64.89766547],[9935.10233453],[-62.94311544],[-80.],
18,38,0.76,78.95344543457031,[-66.59690895],[9933.40309105],[-62.94311544],[-80.],
18,39,0.78,77.463134765625,[-65.64783344],[9934.35216656],[-62.94311544],[-80.],
18,40,0.8,78.0533218383789,[-66.02368266],[9933.97631734],[-62.94311544],[-80.],
18,41,0.8200000000000001,80.83336639404297,[-67.79410024],[9932.20589976],[-62.94311544],[-80.],
18,42,0.84,80.53679656982422,[-67.60523549],[9932.39476451],[-62.94311544],[-80.],
18,43,0.86,77.87809753417969,[-65.91209445],[9934.08790555],[-62.94311544],[-80.],
18,44,0.88,77.02472686767578,[-65.36864185],[9934.63135815],[-62.94311544],[-80.],
18,45,0.9,75.75743865966797,[-64.56159388],[9935.43840612],[-62.94311544],[-80.],
18,46,0.92,75.29806518554688,[-64.26905077],[9935.73094923],[-62.94311544],[-80.],
18,47,0.9400000000000001,72.39152526855469,[-62.41807706],[9937.58192294],[-62.94311544],[-80.],
18,48,0.96,70.82157897949219,[-61.41828714],[9938.58171286],[-62.94311544],[-80.],
18,49,0.98,71.236572265625,[-61.68256759],[9938.31743241],[-62.94311544],[-80.],
18,50,1.0,73.21598052978516,[-62.94311544],[9937.05688456],[-62.94311544],[-80.],
19,0,0.0,100.0,[-111.59606934],[9888.40393066],[-38.51105381],[-111.72283922],
19,1,0.02,100.00128936767578,[-111.72283922],[9888.27716078],[-38.51105381],[-111.72283922],
19,2,0.04,105.81489562988281,[-102.22512771],[9897.77487229],[-38.51105381],[-111.72283922],
19,3,0.06,107.24109649658203,[-99.75145155],[9900.24854845],[-38.51105381],[-111.72283922],
19,4,0.08,110.91203308105469,[-93.30366192],[9906.69633808],[-38.51105381],[-111.72283922],
19,5,0.1,112.97776794433594,[-89.56890035],[9910.43109965],[-38.51105381],[-111.72283922],
19,6,0.12,114.72352600097656,[-86.36731291],[9913.63268709],[-38.51105381],[-111.72283922],
19,7,0.14,111.80104064941406,[-91.7864003],[9908.2135997],[-38.51105381],[-111.72283922],
19,8,0.16,113.9735107421875,[-87.82950804],[9912.17049196],[-38.51105381],[-111.72283922],
19,9,0.18,110.95441436767578,[-93.40935993],[9906.59064007],[-38.51105381],[-111.72283922],
19,10,0.2,111.28500366210938,[-92.80983321],[9907.19016679],[-38.51105381],[-111.72283922],
19,11,0.22,110.08926391601562,[-94.97718892],[9905.02281108],[-38.51105381],[-111.72283922],
19,12,0.24,109.4686508178711,[-96.09631023],[9903.90368977],[-38.51105381],[-111.72283922],
19,13,0.26,112.404296875,[-90.80635585],[9909.19364415],[-38.51105381],[-111.72283922],
19,14,0.28,110.78999328613281,[-93.76897712],[9906.23102288],[-38.51105381],[-111.72283922],
19,15,0.3,113.56449127197266,[-88.73436459],[9911.26563541],[-38.51105381],[-111.72283922],
19,16,0.32,117.68120574951172,[-81.10799132],[9918.89200868],[-38.51105381],[-111.72283922],
19,17,0.34,121.1323471069336,[-74.55789119],[9925.44210881],[-38.51105381],[-111.72283922],
19,18,0.36,125.43870544433594,[-66.25669131],[9933.74330869],[-38.51105381],[-111.72283922],
19,19,0.38,125.04863739013672,[-67.0193167],[9932.9806833],[-38.51105381],[-111.72283922],
19,20,0.4,122.69725799560547,[-71.61518615],[9928.38481385],[-38.51105381],[-111.72283922],
19,21,0.42,121.98280334472656,[-73.00426341],[9926.99573659],[-38.51105381],[-111.72283922],
19,22,0.44,125.49374389648438,[-66.18040055],[9933.81959945],[-38.51105381],[-111.72283922],
19,23,0.46,124.19763946533203,[-68.72387097],[9931.27612903],[-38.51105381],[-111.72283922],
19,24,0.48,127.77021026611328,[-61.71461896],[9938.28538104],[-38.51105381],[-111.72283922],
19,25,0.5,128.00453186035156,[-61.25194935],[9938.74805065],[-38.51105381],[-111.72283922],
19,26,0.52,130.907470703125,[-55.52152832],[9944.47847168],[-38.51105381],[-111.72283922],
19,27,0.54,124.86039733886719,[-67.52657712],[9932.47342288],[-38.51105381],[-111.72283922],
19,28,0.56,124.02081298828125,[-69.1801781],[9930.8198219],[-38.51105381],[-111.72283922],
19,29,0.58,121.22077941894531,[-74.69339603],[9925.30660397],[-38.51105381],[-111.72283922],
19,30,0.6,120.05590057373047,[-76.97249426],[9923.02750574],[-38.51105381],[-111.72283922],
19,31,0.62,118.74317169189453,[-79.53963968],[9920.46036032],[-38.51105381],[-111.72283922],
19,32,0.64,121.9864501953125,[-73.23031335],[9926.76968665],[-38.51105381],[-111.72283922],
19,33,0.66,126.49247741699219,[-64.3602355],[9935.6397645],[-38.51105381],[-111.72283922],
19,34,0.68,130.2711181640625,[-56.85295735],[9943.14704265],[-38.51105381],[-111.72283922],
19,35,0.7000000000000001,138.0619659423828,[-41.37606805],[9958.62393195],[-38.51105381],[-111.72283922],
19,36,0.72,133.42823791503906,[-50.63955613],[9949.36044387],[-38.51105381],[-111.72283922],
19,37,0.74,131.36695861816406,[-54.7603496],[9945.2396504],[-38.51105381],[-111.72283922],
19,38,0.76,133.9886016845703,[-49.51930845],[9950.48069155],[-38.51105381],[-111.72283922],
19,39,0.78,132.24789428710938,[-52.99923263],[9947.00076737],[-38.51105381],[-111.72283922],
19,40,0.8,130.8961181640625,[-55.70162732],[9944.29837268],[-38.51105381],[-111.72283922],
19,41,0.8200000000000001,138.2488250732422,[-41.0025098],[9958.9974902],[-38.51105381],[-111.72283922],
19,42,0.84,135.44374084472656,[-46.6102762],[9953.3897238],[-38.51105381],[-111.72283922],
19,43,0.86,136.1275634765625,[-45.24321651],[9954.75678349],[-38.51105381],[-111.72283922],
19,44,0.88,136.78570556640625,[-43.92749591],[9956.07250409],[-38.51105381],[-111.72283922],
19,45,0.9,139.49508666992188,[-38.51105381],[9961.48894619],[-38.51105381],[-111.72283922],
19,46,0.92,135.4739227294922,[-38.51105381],[9961.48894619],[-38.51105381],[-111.72283922],
19,47,0.9400000000000001,133.50816345214844,[-38.51105381],[9961.48894619],[-38.51105381],[-111.72283922],
19,48,0.96,127.85417175292969,[-38.51105381],[9961.48894619],[-38.51105381],[-111.72283922],
19,49,0.98,124.71112060546875,[-38.51105381],[9961.48894619],[-38.51105381],[-111.72283922],
19,50,1.0,126.77935028076172,[-38.51105381],[9961.48894619],[-38.51105381],[-111.72283922],
